,phrase,label,sentiment,subjectivity,language,count,gnd,geonames,geotype,latitude,longitude,continent,country,ipcc
Japan,Japan,GPE,0.08362057,0.58844512,en,1030.64237111,4028495-5,1861060,A,35.68536000,139.75309000,ASIA,Japan,EAS
Kumamoto,Kumamoto,GPE,0.06411923,0.39770875,en,399.46242614,4382233-2,1857892,T,32.42944000,130.99099000,ASIA,Japan,EAS
Tohoku,Tohoku,GPE,0.05673853,0.61221753,en,325.90092546,4552767-2,2110769,L,39.00000000,141.00000000,ASIA,Japan,EAS
Hokkaido,Hokkaido,GPE,0.04002307,0.56707591,en,302.61343379,4095546-1,11257417,L,43.51669000,142.44873000,ASIA,Japan,EAS
Tokyo,Tokyo,GPE,0.12903608,0.66817781,en,276.78850520,4078337-6,1850147,P,35.68950000,139.69171000,ASIA,Japan,EAS
Kyushu,Kyushu,GPE,0.06767190,0.54738863,en,274.33228022,,1857891,L,32.33546000,130.85082000,ASIA,Japan,EAS
Okinawa,Okinawa,GPE,0.04958054,0.46918184,en,264.51356421,4247457-7,1856035,P,26.21300000,127.67851000,ASIA,Japan,EAS
Pacific,Pacific,LOC,0.08524427,0.78495315,en,157.48939394,,0,,,,,,
Kanto,Kanto,GPE,0.07155322,0.71071886,en,156.22858253,,1860102,L,36.25000000,139.50000000,ASIA,Japan,EAS
Hokuriku,Hokuriku,GPE,-0.01759834,0.72616163,en,122.08647325,1335107711,1862262,L,37.00000000,137.50000000,ASIA,Japan,EAS
Aomori,Aomori,GPE,0.06568555,0.44751899,en,112.48878483,4309664-5,2130658,P,40.81667000,140.73333000,ASIA,Japan,EAS
China,China,GPE,0.08593358,0.62434884,en,85.71873682,4009937-4,1814991,A,35.00000000,105.00000000,ASIA,China,EAS
Aomori Prefecture,Aomori Prefecture,GPE,0.00503835,0.40677254,en,81.74957265,4309664-5,2130658,P,40.81667000,140.73333000,ASIA,Japan,EAS
the Great East Japan Earthquake,the Great East Japan Earthquake,LOC,0.86861696,1.03311605,en,71.89975172,,0,,,,,,
Iwate Prefecture,Iwate Prefecture,GPE,-0.01408852,0.29312709,en,68.65216450,4323908-0,2111834,P,39.70000000,141.15000000,ASIA,Japan,EAS
Nagano,Nagano,GPE,0.06025269,0.29403271,en,64.89166667,4310172-0,1856215,P,36.65000000,138.18333000,ASIA,Japan,EAS
the Kanto region,the Kanto region,LOC,0.03561859,0.79131550,en,60.68315851,,1860102,L,36.25000000,139.50000000,ASIA,Japan,EAS
Fukushima Prefecture,Fukushima Prefecture,LOC,0.08128655,0.31033579,en,60.31969697,,2112923,P,37.75000000,140.46667000,ASIA,Japan,EAS
Honshu,Honshu,GPE,0.09522396,0.48143900,en,58.83988095,,1862185,T,36.00000000,138.00000000,ASIA,Japan,EAS
US,US,GPE,0.03030595,0.57155248,en,58.75571300,,0,,,,,,
Ibaraki Prefecture,Ibaraki Prefecture,LOC,0.00402267,0.19851676,en,57.98571429,,2111901,P,36.35000000,140.45000000,ASIA,Japan,EAS
Shikoku,Shikoku,GPE,-0.02378721,0.44737305,en,56.32640415,4224753-6,1852487,T,33.75000000,133.50000000,ASIA,Japan,EAS
Iran,Iran,GPE,0.05990691,0.62199319,en,52.53206138,4027653-3,130758,A,32.00000000,53.00000000,ASIA,Iran,WCA
Tokai,Tokai,GPE,0.03429907,0.54674495,en,49.06752098,,1850221,L,35.00000000,137.50000000,ASIA,Japan,EAS
the United States,the United States,GPE,0.15472250,0.78543578,en,48.93391557,,0,,,,,,
Philippines,Philippines,GPE,-0.03689416,0.25291287,en,47.67619048,4045771-0,1694008,A,13.40882000,122.56155000,ASIA,Philippines,SEA
France,France,GPE,0.07320661,0.43902216,en,45.42072829,4018145-5,3017382,A,46.00000000,2.00000000,EUROPE,France,WCE
Yamagata,Yamagata,GPE,0.00293456,0.63140656,en,44.34102564,4234361-6,2110556,P,38.23333000,140.36667000,ASIA,Japan,EAS
Sanriku,Sanriku,GPE,0.00024013,0.26399993,en,44.00833333,,2111923,L,38.50000000,141.50000000,ASIA,Japan,EAS
Fukushima,Fukushima,GPE,0.31277565,0.69899561,en,43.96017953,4332074-0,2112923,P,37.75000000,140.46667000,ASIA,Japan,EAS
Chugoku,Chugoku,GPE,-0.02590784,0.47044762,en,39.84207875,,1864492,L,34.50000000,133.00000000,ASIA,Japan,EAS
Kagoshima Prefecture,Kagoshima Prefecture,LOC,-0.03983765,0.38576092,en,38.92883228,4308810-7,1860827,P,31.56667000,130.55000000,ASIA,Japan,EAS
Amami,Amami,GPE,-0.03409141,0.54876111,en,36.06666667,,6300360,S,28.43063000,129.71254000,ASIA,Japan,EAS
Kumamoto Prefecture,Kumamoto Prefecture,LOC,-0.02072481,0.25571971,en,34.61363636,,1857892,T,32.42944000,130.99099000,ASIA,Japan,EAS
Chiba Prefecture,Chiba Prefecture,GPE,-0.00419723,0.25917993,en,33.96126374,4388993-1,2113015,P,35.60000000,140.11667000,ASIA,Japan,EAS
Chiba,Chiba,GPE,0.02662975,0.45670007,en,33.32350427,4388993-1,2113015,P,35.60000000,140.11667000,ASIA,Japan,EAS
Fukuoka,Fukuoka,GPE,0.19475769,0.62513173,en,32.94186647,4125989-0,1863967,P,33.60000000,130.41667000,ASIA,Japan,EAS
Osaka,Osaka,GPE,0.13054707,0.72539968,en,32.75754589,4043961-6,1853909,P,34.69379000,135.50107000,ASIA,Japan,EAS
U.S.,U.S.,GPE,0.02674774,0.62143511,en,32.19623546,,0,,,,,,
Europe,Europe,LOC,0.15827663,0.49669873,en,30.88035714,,0,,,,,,
Kumamoto City,Kumamoto City,GPE,0.04691244,0.29013209,en,30.46190476,,11209896,P,32.77856000,130.74537000,ASIA,Japan,EAS
Niigata,Niigata,GPE,0.16957395,0.80218953,en,30.24531025,4208484-2,1855431,P,37.92259000,139.04125000,ASIA,Japan,EAS
Saitama,Saitama,GPE,0.03830087,0.21120712,en,29.14523810,4390428-2,6940394,P,35.90807000,139.65657000,ASIA,Japan,EAS
the Kumamoto Earthquake,the Kumamoto Earthquake,LOC,0.04434805,0.44664781,en,28.37806360,,0,,,,,,
Gunma,Gunma,GPE,-0.00310092,0.19639195,en,27.03863636,4585830-5,1857843,P,36.40000000,139.08333000,ASIA,Japan,EAS
Venezuela,Venezuela,GPE,0.05508184,0.46612407,en,26.41127820,4062512-6,3625428,A,8.00000000,-66.00000000,SOUTH-AMERICA,Venezuela,NSA
Yatsushiro City,Yatsushiro City,GPE,0.01256191,0.31468548,en,25.84967532,,0,,,,,,
Nagoya,Nagoya,GPE,0.27072463,0.92863330,en,25.39025697,4126104-5,1856057,P,35.18147000,136.90641000,ASIA,Japan,EAS
Kagoshima,Kagoshima,GPE,0.05962852,0.25653487,en,25.24722222,4308810-7,1860827,P,31.56667000,130.55000000,ASIA,Japan,EAS
the Sakishima Islands,the Sakishima Islands,LOC,0.10874805,0.48992486,en,24.40000000,,0,,,,,,
Germany,Germany,GPE,0.11428762,0.47653250,en,23.54534632,4011882-4,2921044,A,51.50000000,10.50000000,EUROPE,Germany,WCE
Hachinohe City,Hachinohe City,GPE,0.03883330,0.56727384,en,22.98571429,,10339757,S,40.50727000,141.48790000,ASIA,Japan,EAS
the Sea of ​​Japan side,the Sea of ​​Japan side,LOC,0.00511090,0.48795614,en,22.82121212,,0,,,,,,
Nankai Trough,Nankai Trough,LOC,0.03507324,0.46997819,en,21.83333333,,0,,,,,,
Tochigi Prefecture,Tochigi Prefecture,GPE,0.03930225,0.20247449,en,20.61694139,4370926-6,1849053,P,36.56667000,139.88333000,ASIA,Japan,EAS
Shinkansen,Shinkansen,GPE,-0.02163307,0.46640220,en,19.93730159,,11865030,R,41.89932000,140.67051000,ASIA,Japan,EAS
the Sea of ​​Japan,the Sea of ​​Japan,LOC,-0.04959005,0.53154819,en,19.79523810,,0,,,,,,
Shimane Prefecture,Shimane Prefecture,LOC,0.03485157,0.27845993,en,19.12222222,4389008-8,1857550,P,35.48333000,133.05000000,ASIA,Japan,EAS
Mexico,Mexico,GPE,0.10668108,0.53499315,en,18.33772176,4039058-5,3996063,A,23.00000000,-102.00000000,CENTRAL-AMERICA,Mexico,NCA
Gunma Prefecture,Gunma Prefecture,GPE,-0.00792294,0.28773370,en,18.27500000,4585830-5,1857843,P,36.40000000,139.08333000,ASIA,Japan,EAS
Kochi,Kochi,GPE,0.23008716,0.90880926,en,18.02878788,4285343-6,1859146,P,33.55000000,133.53333000,ASIA,Japan,EAS
the Japan Sea,the Japan Sea,LOC,-0.06517396,0.75402918,en,18.00000000,,7733078,S,15.21300000,145.75700000,PACIFIC,Northern Mariana Islands,NPO
Noto Peninsula,Noto Peninsula,LOC,0.02616800,0.41326323,en,17.92936508,,1854948,T,37.33333000,137.00000000,ASIA,Japan,EAS
Hiroshima,Hiroshima,GPE,0.13665615,0.49972480,en,17.89356061,4072524-8,1862415,P,34.40000000,132.45000000,ASIA,Japan,EAS
Northern Japan,Northern Japan,LOC,0.14490352,0.60204637,en,17.85000000,,6015186,H,50.45000000,-67.47556000,NORTH-AMERICA,Canada,NEN
Kanagawa Prefecture,Kanagawa Prefecture,GPE,0.01464893,0.30758037,en,17.70219780,4192186-0,1848354,P,35.43333000,139.65000000,ASIA,Japan,EAS
Mt.,Mt.,GPE,0.00130842,0.40425800,en,17.65119048,,0,,,,,,
Miyazaki Prefecture,Miyazaki Prefecture,GPE,-0.01361426,0.07412210,en,17.62857143,,1856717,P,31.91667000,131.41667000,ASIA,Japan,EAS
England,England,GPE,-0.00631511,0.44220886,en,17.36197479,4014770-8,11919979,L,44.00000000,-71.00000000,NORTH-AMERICA,United States,ENA
America,America,GPE,0.25583739,0.77521431,en,17.14433410,,0,,,,,,
Uki City,Uki City,GPE,0.02887524,0.23054153,en,17.10129870,,5404476,P,39.15017000,-123.20778000,NORTH-AMERICA,United States,WNA
Kanto-Koshin,Kanto-Koshin,LOC,-0.02887257,0.52580833,en,16.90000000,,1843926,P,34.39222000,126.66861000,ASIA,South Korea,EAS
Russia,Russia,GPE,0.06240963,0.54047491,en,16.88282270,4076899-5,2017370,A,60.00000000,100.00000000,ASIA,Russia,ESB
Spain,Spain,GPE,0.05366754,0.36200277,en,16.45935829,4055964-6,2510769,A,40.00000000,-4.00000000,EUROPE-AFRICA,Spain,MED
South Korea,South Korea,GPE,0.01303340,0.61582878,en,16.13542569,4078029-6,1835841,A,36.50000000,127.75000000,ASIA,South Korea,EAS
Ukraine,Ukraine,GPE,0.03088742,0.62526157,en,15.80560727,4061496-7,690791,A,49.00000000,32.00000000,EUROPE,Ukraine,WCE
Iwate,Iwate,LOC,0.02782860,0.28025458,en,15.49365079,4323908-0,2111834,P,39.70000000,141.15000000,ASIA,Japan,EAS
Shizuoka,Shizuoka,GPE,-0.04624330,0.22560472,en,15.44367816,4289915-1,1851717,P,34.98333000,138.38333000,ASIA,Japan,EAS
the Noto Peninsula Earthquake,the Noto Peninsula Earthquake,LOC,0.07451450,0.43266197,en,15.31428571,,0,,,,,,
Taiwan,Taiwan,GPE,0.17405923,0.68495020,en,15.30470407,4017875-4,1668284,A,24.00000000,121.00000000,ASIA,Taiwan,EAS
Indonesia,Indonesia,GPE,0.10371125,0.44652678,en,15.30000000,4026761-1,1643084,A,-5.00000000,120.00000000,ASIA,Indonesia,SEA
Earth,Earth,LOC,0.19263477,0.82437338,en,15.23333333,,0,,,,,,
Saitama Prefecture,Saitama Prefecture,GPE,-0.04213801,0.35605204,en,14.73333333,4390428-2,6940394,P,35.90807000,139.65657000,ASIA,Japan,EAS
Yamanashi,Yamanashi,GPE,0.04814055,0.31120552,en,14.71071429,4387301-7,1859100,P,35.66667000,138.56667000,ASIA,Japan,EAS
Nagasaki,Nagasaki,GPE,0.08813949,0.39547708,en,14.48461538,4041134-5,1856177,P,32.75000000,129.88333000,ASIA,Japan,EAS
Brazil,Brazil,GPE,-0.03712954,0.51588867,en,14.17976190,4008003-1,3469034,A,-10.00000000,-55.00000000,SOUTH-AMERICA,Brazil,SAM
Sendai,Sendai,GPE,0.39619572,1.09198970,en,13.90075758,4118584-5,2111149,P,38.26667000,140.86667000,ASIA,Japan,EAS
Ishigaki Island,Ishigaki Island,LOC,0.07048575,0.44068040,en,13.70000000,,1861417,T,24.40000000,124.20000000,ASIA,Japan,EAS
Ishikawa Prefecture,Ishikawa Prefecture,GPE,-0.02584144,0.30577656,en,13.67857143,,1860243,P,36.60000000,136.61667000,ASIA,Japan,EAS
Yamanashi Prefecture,Yamanashi Prefecture,GPE,-0.01990050,0.07960199,en,13.40000000,,1859100,P,35.66667000,138.56667000,ASIA,Japan,EAS
the Pacific coast,the Pacific coast,LOC,0.04832244,0.81244229,en,13.23717949,,12212303,L,37.02332000,-77.36954000,NORTH-AMERICA,United States,ENA
New York,New York,GPE,0.11867275,0.68392328,en,13.11666667,4042011-5,5128581,P,40.71427000,-74.00597000,NORTH-AMERICA,United States,ENA
UK,UK,GPE,0.19481103,0.82198617,en,13.03095238,4022153-2,2635167,A,54.75844000,-2.69531000,EUROPE,United Kingdom,NEU
Paris,Paris,GPE,0.23152672,0.64935577,en,12.97142857,4044660-8,2988507,P,48.85341000,2.34880000,EUROPE,France,WCE
Nara,Nara,GPE,0.22781721,0.76120290,en,12.95555556,4117774-5,1855612,P,34.68505000,135.80485000,ASIA,Japan,EAS
California,California,GPE,0.05149665,0.31397837,en,12.60631313,,11071615,L,34.68743000,-116.78467000,NORTH-AMERICA,United States,WNA
Kashima Town,Kashima Town,GPE,0.02239573,0.38127370,en,12.35000000,,0,,,,,,
Kinki,Kinki,GPE,-0.01154665,0.47068229,en,12.30238095,4690443-8,1859449,L,35.00000000,135.50000000,ASIA,Japan,EAS
Kyoto,Kyoto,GPE,0.25590675,0.83269366,en,12.20456349,4073426-2,1857910,P,35.02107000,135.75385000,ASIA,Japan,EAS
the Pacific Ocean,the Pacific Ocean,LOC,-0.04522686,0.60628706,en,11.93863636,,7670505,H,7.11300000,171.25400000,PACIFIC,Marshall Islands,EPO
the Nansei Islands,the Nansei Islands,LOC,0.11668684,0.40300646,en,11.80000000,,0,,,,,,
Israel,Israel,GPE,0.01390580,0.61496439,en,11.77657083,4027808-6,294640,A,31.50000000,34.75000000,EUROPE-AFRICA,Israel,MED
Wajima City,Wajima City,GPE,0.07273402,0.40018702,en,11.77069597,,0,,,,,,
Wakayama Prefecture,Wakayama Prefecture,GPE,0.15404445,0.36036748,en,11.48076923,,1926004,P,34.23333000,135.16667000,ASIA,Japan,EAS
Ibaraki,Ibaraki,GPE,0.09977827,0.29711752,en,11.27500000,110449-4,2111901,P,36.35000000,140.45000000,ASIA,Japan,EAS
Noto Peninsula Earthquake,Noto Peninsula Earthquake,LOC,0.18731371,0.55692463,en,11.18333333,,0,,,,,,
the East China Sea,the East China Sea,LOC,0.05266792,0.35770662,en,11.12500000,,5764420,T,43.95193000,-103.55436000,NORTH-AMERICA,United States,CNA
Tochigi,Tochigi,GPE,0.01875469,0.20480120,en,11.10833333,4370926-6,1849053,P,36.56667000,139.88333000,ASIA,Japan,EAS
Fukuoka Prefecture,Fukuoka Prefecture,GPE,0.05920799,0.37650138,en,11.00000000,4125989-0,1863967,P,33.60000000,130.41667000,ASIA,Japan,EAS
San'in,San'in,GPE,-0.07912049,0.81788332,en,10.93269231,4116320-5,3621849,P,9.93388000,-84.08489000,CENTRAL-AMERICA,Costa Rica,SCA
Kawasaki City,Kawasaki City,GPE,0.13991561,0.48858907,en,10.77460317,,1859642,P,35.52056000,139.71722000,ASIA,Japan,EAS
Suzu City,Suzu City,GPE,0.01417107,0.36510329,en,10.72222222,,0,,,,,,
Canada,Canada,GPE,0.21191959,0.74268660,en,10.39523810,4029456-0,6251999,A,60.10867000,-113.64258000,NORTH-AMERICA,Canada,NWN
Australia,Australia,GPE,0.10870086,0.60907317,en,10.34084249,4003900-6,2077456,A,-25.00000000,135.00000000,OCEANIA,Australia,CAU
El Niño,El Niño,GPE,0.03307223,0.40610106,en,10.30000000,,12513655,L,-0.90231000,-89.52853000,PACIFIC,Ecuador,EPO
Nagano Prefecture,Nagano Prefecture,LOC,0.09901961,0.27598039,en,10.20000000,,1856215,P,36.65000000,138.18333000,ASIA,Japan,EAS
the Tama River,the Tama River,LOC,0.19149219,0.84482343,en,10.12362637,,4179612,H,31.31578000,-81.28482000,NORTH-AMERICA,United States,ENA
USA,USA,GPE,0.16981071,0.66977305,en,10.01703166,4078704-7,6252001,X,39.75999900,-98.50000000,NORTH-AMERICA,United States,CNA
Sea,Sea,LOC,-0.07200017,0.66706258,en,9.79935897,,10922499,L,41.25206000,36.96073000,EUROPE-AFRICA,Turkey,MED
Kumagaya,Kumagaya,GPE,0.04741409,0.53977786,en,9.75357143,10022071-X,1858428,P,36.13497000,139.39004000,ASIA,Japan,EAS
Sanin,Sanin,LOC,-0.06474866,0.96740267,en,9.72564103,,6898181,A,35.28434000,128.44748000,ASIA,South Korea,EAS
Saga,Saga,GPE,0.23813736,0.58839154,en,9.70961538,,1853303,P,33.23333000,130.30000000,ASIA,Japan,EAS
Toyama,Toyama,GPE,0.20239205,0.64866209,en,9.69478022,4230546-9,1849876,P,36.70000000,137.21667000,ASIA,Japan,EAS
Hashikami Town,Hashikami Town,GPE,0.03974248,0.08887442,en,9.60000000,,0,,,,,,
earth,earth,LOC,0.01675451,0.79121349,en,9.32797619,,0,,,,,,
Miyakojima,Miyakojima,GPE,-0.01748648,0.61398919,en,9.10000000,1387573322,6822158,P,24.79016000,125.31109000,ASIA,Japan,EAS
Mashiki Town,Mashiki Town,GPE,-0.00412088,0.25183150,en,9.10000000,,0,,,,,,
the Noto Peninsula,the Noto Peninsula,LOC,0.16581638,0.72916375,en,8.82356532,,0,,,,,,
Gifu,Gifu,GPE,0.07084124,0.59234662,en,8.78333333,4331104-0,1863641,P,35.42291000,136.76039000,ASIA,Japan,EAS
Kanagawa,Kanagawa,GPE,0.04280365,0.45361571,en,8.76904762,4192186-0,1848354,P,35.43333000,139.65000000,ASIA,Japan,EAS
Oita,Oita,GPE,0.03821839,0.34016603,en,8.70000000,,1854487,P,33.23333000,131.60000000,ASIA,Japan,EAS
the Mariana Islands,the Mariana Islands,LOC,0.04128035,0.32902870,en,8.62857143,,4041422,L,15.21400000,145.75950000,PACIFIC,Northern Mariana Islands,NPO
Chiba City,Chiba City,GPE,0.06708280,0.35247221,en,8.61428571,,10113713,S,35.77759000,140.31124000,ASIA,Japan,EAS
Oita Prefecture,Oita Prefecture,GPE,0.18837991,0.64006013,en,8.56666667,4389006-4,1854487,P,33.23333000,131.60000000,ASIA,Japan,EAS
Argentina,Argentina,GPE,0.09364629,0.69845297,en,8.33048553,4002890-2,3865483,A,-34.00000000,-64.00000000,SOUTH-AMERICA,Argentina,SES
the Izu Islands,the Izu Islands,LOC,0.03496624,0.37312404,en,8.22857143,,7839115,U,13.48100000,144.73250000,PACIFIC,Northern Mariana Islands,NPO
London,London,GPE,0.03868528,0.29013962,en,8.18571429,4074335-4,2643743,P,51.50853000,-0.12574000,EUROPE,United Kingdom,NEU
Akihabara,Akihabara,GPE,0.25464003,0.49673489,en,8.16493506,,11790367,P,35.69848000,139.77253000,ASIA,Japan,EAS
Western Japan,Western Japan,LOC,0.00500198,0.44615131,en,8.02857143,,614800,H,42.11111000,42.22639000,ASIA,Georgia,WCA
Mie Prefecture,Mie Prefecture,GPE,-0.02521271,0.44532898,en,7.98534483,4819423-2,1849796,P,34.73333000,136.51667000,ASIA,Japan,EAS
Osaka City,Osaka City,GPE,-0.03506794,0.40674607,en,7.93697479,,1853909,P,34.69379000,135.50107000,ASIA,Japan,EAS
Aichi Prefecture,Aichi Prefecture,GPE,0.12813046,0.46274421,en,7.86071429,,1856057,P,35.18147000,136.90641000,ASIA,Japan,EAS
Otsuchi Town,Otsuchi Town,GPE,0.01182845,0.28014347,en,7.80000000,,0,,,,,,
Los Angeles,Los Angeles,GPE,0.05521442,0.39802632,en,7.77272727,4036361-2,5368361,P,34.05223000,-118.24368000,NORTH-AMERICA,United States,WNA
Nagasaki Prefecture,Nagasaki Prefecture,GPE,0.06230566,0.15045864,en,7.65714286,,1856177,P,32.75000000,129.88333000,ASIA,Japan,EAS
Okinawa Prefecture,Okinawa Prefecture,LOC,0.00032895,0.20252193,en,7.60000000,4247455-3,1856035,P,26.21300000,127.67851000,ASIA,Japan,EAS
the Strait of Hormuz,the Strait of Hormuz,LOC,-0.04102966,0.49382785,en,7.54873950,,0,,,,,,
Rausu,Rausu,GPE,0.01450893,0.17857143,en,7.46666667,,2128430,P,44.01806000,145.19197000,ASIA,Japan,EAS
New Zealand,New Zealand,GPE,0.06161977,0.39434683,en,7.40000000,4041915-0,2186224,A,-42.00000000,174.00000000,OCEANIA,New Zealand,NZ
Kansai,Kansai,GPE,0.13312231,0.80125651,en,7.32750627,,1859449,L,35.00000000,135.50000000,ASIA,Japan,EAS
Iraq,Iraq,GPE,-0.00954012,0.28147423,en,7.30000000,4072920-5,99237,A,33.00000000,44.00000000,ASIA,Iraq,WCA
Fukuoka-Kagoshima,Fukuoka-Kagoshima,GPE,0.06278539,0.27625571,en,7.30000000,,10181499,P,31.49911000,130.90313000,ASIA,Japan,EAS
Omachi City,Omachi City,GPE,0.03424658,0.08561644,en,7.30000000,,12548262,P,33.57706000,130.31919000,ASIA,Japan,EAS
Sakishima Islands,Sakishima Islands,LOC,0.09879593,0.38155306,en,7.30000000,,1853100,T,24.76667000,124.00000000,ASIA,Japan,EAS
Aichi,Aichi,GPE,0.06559570,0.49327966,en,7.25947712,,1856057,P,35.18147000,136.90641000,ASIA,Japan,EAS
JR East,JR East,GPE,-0.04581404,0.19511960,en,7.20000000,,4207966,L,33.75492000,-84.37169000,NORTH-AMERICA,United States,ENA
Tama River,Tama River,LOC,0.09901325,0.84578271,en,7.14010989,1194492215,1282725,H,27.35190000,85.98270000,ASIA,Nepal,TIB
Nanao City,Nanao City,GPE,0.01466480,0.05865922,en,6.81904762,,0,,,,,,
Kobe,Kobe,GPE,0.09389211,0.73710633,en,6.80642136,4195257-1,1859171,P,34.69130000,135.18300000,ASIA,Japan,EAS
Yayoiken,Yayoiken,GPE,0.45725992,0.83528724,en,6.78333333,,0,,,,,,
Dubai,Dubai,GPE,0.40765399,0.71782099,en,6.77857143,4204044-9,292223,P,25.07725000,55.30927000,ASIA,United Arab Emirates,ARP
tenki.jp,tenki.jp,GPE,0.11700596,0.42607444,en,6.75416667,,0,,,,,,
Ishinomaki City,Ishinomaki City,GPE,0.33749406,0.79119203,en,6.60681818,,0,,,,,,
Yamagata Prefecture,Yamagata Prefecture,GPE,0.03040825,0.59211911,en,6.60000000,,2110556,P,38.23333000,140.36667000,ASIA,Japan,EAS
Kanazawa,Kanazawa,GPE,0.25479830,0.59785563,en,6.54166667,4073191-1,1860243,P,36.60000000,136.61667000,ASIA,Japan,EAS
Hikawa Town,Hikawa Town,GPE,-0.02343750,0.14062500,en,6.40000000,,0,,,,,,
Minami Ward,Minami Ward,GPE,-0.01562500,0.26562500,en,6.40000000,,12680269,S,33.58984000,130.41425000,ASIA,Japan,EAS
Toshima Village,Toshima Village,GPE,0.00000000,0.00000000,en,6.40000000,,1849911,A,34.52264000,139.27927000,ASIA,Japan,EAS
Gosen City,Gosen City,GPE,-0.08593750,0.27343750,en,6.40000000,,1840070,P,37.25444000,127.34917000,ASIA,South Korea,EAS
Hawaii,Hawaii,GPE,-0.20746528,0.78819444,en,6.40000000,251184-8,5855797,A,20.78785000,-156.38612000,PACIFIC,United States,NPO
the Truk Islands,the Truk Islands,LOC,0.13880208,0.51297518,en,6.40000000,,2081309,T,7.44447000,151.78109000,PACIFIC,Micronesia,EPO
Shimane,Shimane,GPE,0.01832461,0.22513089,en,6.36666667,4389008-8,1857550,P,35.48333000,133.05000000,ASIA,Japan,EAS
Osaka Prefecture,Osaka Prefecture,GPE,0.41838995,0.71316698,en,6.33809524,,1853909,P,34.69379000,135.50107000,ASIA,Japan,EAS
the Middle East,the Middle East,LOC,-0.01277245,0.65123946,en,6.33267974,,12217091,L,35.80000000,-86.50000000,NORTH-AMERICA,United States,ENA
Central America,Central America,LOC,0.02627809,0.33203478,en,6.33109244,,0,,,,,,
Minamiaso Village,Minamiaso Village,GPE,-0.04938272,0.14991182,en,6.30000000,,10231037,S,32.89804000,131.00712000,ASIA,Japan,EAS
Italy,Italy,GPE,0.05248012,0.46304430,en,6.28809524,4027833-5,3175395,A,42.83333000,12.83333000,EUROPE-AFRICA,Italy,MED
Hyogo Prefecture,Hyogo Prefecture,GPE,0.08665844,1.23481081,en,6.27142857,4195257-1,1859171,P,34.69130000,135.18300000,ASIA,Japan,EAS
South America,South America,LOC,0.13364997,0.54493620,en,6.15413534,,0,,,,,,
Mutsu City,Mutsu City,GPE,0.01220930,0.15261628,en,6.14285714,,0,,,,,,
Korea,Korea,GPE,0.19570148,0.68580724,en,6.11262626,4078029-6,1835841,A,36.50000000,127.75000000,ASIA,South Korea,EAS
Yamaguchi Prefecture,Yamaguchi Prefecture,LOC,-0.11764572,0.51409381,en,6.10000000,,1848689,P,34.18333000,131.46667000,ASIA,Japan,EAS
Tottori Prefecture,Tottori Prefecture,GPE,0.04589041,0.37328767,en,6.08333333,4309653-0,1849892,P,35.50000000,134.23333000,ASIA,Japan,EAS
Akita,Akita,LOC,0.09817927,0.36493931,en,5.95000000,4309665-7,2113126,P,39.71667000,140.11667000,ASIA,Japan,EAS
Gifu Prefecture,Gifu Prefecture,GPE,0.14490369,0.51143660,en,5.93333333,4331104-0,1863641,P,35.42291000,136.76039000,ASIA,Japan,EAS
Yamaguchi,Yamaguchi,GPE,0.00419877,0.37669492,en,5.90000000,4317936-8,1848689,P,34.18333000,131.46667000,ASIA,Japan,EAS
Sapporo,Sapporo,GPE,-0.01896064,0.48425092,en,5.88939394,4051677-5,2128295,P,43.06667000,141.35000000,ASIA,Japan,EAS
Hita,Hita,GPE,0.41221591,0.82784091,en,5.86666667,,1862373,P,33.32130000,130.94098000,ASIA,Japan,EAS
east,east,LOC,0.05989509,0.42801281,en,5.82500000,,12212303,L,37.02332000,-77.36954000,NORTH-AMERICA,United States,ENA
Ishikawa,Ishikawa,GPE,0.12684729,0.27565681,en,5.80000000,10191169-5,1860243,P,36.60000000,136.61667000,ASIA,Japan,EAS
Chuetsu,Chuetsu,GPE,-0.12649758,0.58908213,en,5.75000000,,0,,,,,,
Showa,Showa,GPE,0.17205359,1.29596548,en,5.71904762,4508467-1,1851659,A,35.96667000,139.80000000,ASIA,Japan,EAS
TEPCO,TEPCO,GPE,0.09386629,0.46767012,en,5.70000000,,8616489,P,-32.16644000,140.79521000,OCEANIA,Australia,SAU
Noto Town,Noto Town,LOC,0.07740896,0.53032518,en,5.70000000,,7272603,S,43.27278000,-77.14500000,NORTH-AMERICA,United States,ENA
the Great East Japan,the Great East Japan,LOC,0.71573333,0.81840000,en,5.68181818,,5195265,P,40.99258000,-75.91020000,NORTH-AMERICA,United States,ENA
the Nankai Trough,the Nankai Trough,LOC,-0.00214286,0.30107628,en,5.66666667,,0,,,,,,
Hitachi City,Hitachi City,GPE,0.33119347,0.57868312,en,5.64761905,,10318530,S,33.91300000,130.81417000,ASIA,Japan,EAS
Fuchu City,Fuchu City,GPE,0.10757614,0.61462846,en,5.62939560,,7559960,S,36.67781000,137.16861000,ASIA,Japan,EAS
Shizuoka City,Shizuoka City,GPE,-0.05753968,0.11309524,en,5.60000000,4291768-2,1863289,P,34.70000000,137.73333000,ASIA,Japan,EAS
South Korea's,South Korea's,GPE,-0.10680785,0.50955799,en,5.58412698,4075468-6,1873107,A,40.00000000,127.00000000,ASIA,North Korea,EAS
Utsunomiya,Utsunomiya,GPE,0.01581201,0.32652932,en,5.50741758,4370926-6,1849053,P,36.56667000,139.88333000,ASIA,Japan,EAS
Iriomote Island,Iriomote Island,GPE,0.03636364,0.14545455,en,5.50000000,,1861484,T,24.33333000,123.83333000,ASIA,Japan,EAS
Guangxi Zhuang Autonomous Region,Guangxi Zhuang Autonomous Region,GPE,0.19261364,0.55511364,en,5.50000000,4213746-9,1799869,P,22.81667000,108.31667000,ASIA,China,EAS
the Caroline Islands,the Caroline Islands,GPE,0.08207071,0.41641414,en,5.50000000,,2082300,L,7.20990000,147.94189000,PACIFIC,Micronesia,EPO
Tanegashima,Tanegashima,LOC,0.02000000,0.14909091,en,5.50000000,4726377-5,6300347,S,30.60507000,130.99123000,ASIA,Japan,EAS
Minamata City,Minamata City,GPE,0.00000000,0.01136364,en,5.50000000,,0,,,,,,
Nichinan City,Nichinan City,GPE,-0.07196970,0.40707071,en,5.50000000,,1855474,T,31.75000000,131.46667000,ASIA,Japan,EAS
Pacific Ocean,Pacific Ocean,LOC,0.13787879,0.55404040,en,5.50000000,,0,,,,,,
Afghanistan,Afghanistan,GPE,0.08424242,0.30575758,en,5.50000000,4000687-6,1149361,A,33.00000000,66.00000000,ASIA,Afghanistan,WCA
the Tsushima Strait,the Tsushima Strait,LOC,0.11325758,0.43409091,en,5.50000000,,0,,,,,,
Turkey,Turkey,GPE,-0.24174631,0.46068636,en,5.48095238,4061163-2,298795,A,39.00000000,35.00000000,EUROPE-AFRICA,Turkey,MED
Kyushu Shinkansen,Kyushu Shinkansen,GPE,-0.08027523,0.30504587,en,5.45000000,,0,,,,,,
Pompeii,Pompeii,GPE,-0.07370433,0.65618805,en,5.35000000,4046755-7,3170336,S,40.75000000,14.48333000,EUROPE-AFRICA,Italy,MED
Morioka City,Morioka City,GPE,0.13915094,0.20283019,en,5.30000000,,0,,,,,,
Toyama Prefecture,Toyama Prefecture,GPE,0.01187418,0.54257507,en,5.22417582,,1849876,P,36.70000000,137.21667000,ASIA,Japan,EAS
Yoron Town,Yoron Town,GPE,0.10935833,0.32834172,en,5.20714286,,0,,,,,,
India,India,GPE,0.36741623,0.92506479,en,5.20040793,4026722-2,1269750,A,22.00000000,79.00000000,ASIA,India,SAS
JAPAN,JAPAN,GPE,0.21394231,0.33653846,en,5.20000000,4028495-5,1861060,A,35.68536000,139.75309000,ASIA,Japan,EAS
the Seto Inland Sea,the Seto Inland Sea,LOC,0.04151046,0.70910079,en,5.11250000,,0,,,,,,
Fuji Rock,Fuji Rock,GPE,-0.02521126,0.56045752,en,5.10000000,,2203323,T,-17.85073000,179.44394000,PACIFIC,Fiji,SPO
Shinjuku-ku,Shinjuku-ku,GPE,0.19724556,0.30415500,en,5.10000000,4353744-3,11790353,P,35.69115000,139.70854000,ASIA,Japan,EAS
Yokohama City,Yokohama City,GPE,0.12105120,0.34313725,en,5.10000000,,9888419,P,33.58608000,130.26155000,ASIA,Japan,EAS
Rikuzentakata City,Rikuzentakata City,GPE,0.32739156,0.76232917,en,5.10000000,,0,,,,,,
Britain,Britain,GPE,0.06115780,0.40056022,en,5.10000000,4321693-6,4839292,P,41.66121000,-72.77954000,NORTH-AMERICA,United States,ENA
Shonai,Shonai,GPE,0.16582308,0.70574740,en,5.03333333,10156243-3,6300401,S,38.81222000,139.78722000,ASIA,Japan,EAS
the Sea of ​​Okhotsk,the Sea of ​​Okhotsk,LOC,-0.00463576,0.49635762,en,5.03333333,,0,,,,,,
Joetsu,Joetsu,GPE,-0.09195368,0.63566755,en,4.94285714,,6825489,P,37.14828000,138.23642000,ASIA,Japan,EAS
Nagoya City,Nagoya City,GPE,0.12147716,0.43926142,en,4.90000000,,1856057,P,35.18147000,136.90641000,ASIA,Japan,EAS
United States,United States,GPE,0.15947856,0.55888564,en,4.88571429,,0,,,,,,
Matsue,Matsue,GPE,-0.12480564,0.75235825,en,4.87222222,4447732-6,1857550,P,35.48333000,133.05000000,ASIA,Japan,EAS
Hormuz,Hormuz,GPE,-0.05217890,0.60951835,en,4.84444444,,0,,,,,,
East Japan,East Japan,GPE,0.22638249,0.46486175,en,4.82222222,,1860102,L,36.25000000,139.50000000,ASIA,Japan,EAS
Sendai City,Sendai City,GPE,0.15637753,0.81976402,en,4.82030812,,6512998,S,38.26373000,140.88168000,ASIA,Japan,EAS
Akita Prefecture,Akita Prefecture,GPE,0.00000000,0.00000000,en,4.80000000,4309665-7,2113126,P,39.71667000,140.11667000,ASIA,Japan,EAS
Nemuro,Nemuro,GPE,0.20258367,0.40987675,en,4.78571429,10141230-7,2128975,P,43.32361000,145.57500000,ASIA,Japan,EAS
Shibuya-ku,Shibuya-ku,GPE,0.24679487,0.53942308,en,4.72727273,,1852582,A,35.66404000,139.69821000,ASIA,Japan,EAS
Okayama Prefecture,Okayama Prefecture,LOC,0.12788018,0.41589862,en,4.65000000,4102047-9,1854383,P,34.65000000,133.93333000,ASIA,Japan,EAS
Mindanao Island,Mindanao Island,LOC,-0.07608696,0.16847826,en,4.60000000,,1699597,T,7.66382000,125.13051000,ASIA,Philippines,SEA
Koka City,Koka City,GPE,0.00000000,0.00000000,en,4.60000000,4009921-0,4887398,P,41.85003000,-87.65005000,NORTH-AMERICA,United States,ENA
Kesa,Kesa,GPE,0.13134058,0.37952899,en,4.60000000,,161811,T,38.55063000,56.58533000,ASIA,Turkmenistan,WCA
Higashi Ward,Higashi Ward,GPE,0.05473602,0.28610248,en,4.60000000,,7422792,S,33.61778000,130.41750000,ASIA,Japan,EAS
​​strong,​​strong,GPE,0.11956522,0.41847826,en,4.60000000,,0,,,,,,
Maebashi City,Maebashi City,GPE,-0.03374094,0.28509964,en,4.60000000,4585830-5,1857843,X,36.39110900,139.06083000,ASIA,Japan,EAS
Naha City,Naha City,GPE,-0.00388199,0.35745342,en,4.60000000,,12041752,A,-9.43303000,159.98186000,PACIFIC,Solomon Islands,EPO
Kuji City,Kuji City,GPE,0.11775362,0.30797101,en,4.60000000,,6801227,S,37.60735000,127.14222000,ASIA,South Korea,EAS
Antarctica,Antarctica,LOC,-0.03055742,0.68703828,en,4.51212121,,0,,,,,,
Qatar,Qatar,GPE,0.17672414,0.38793103,en,4.51111111,4029924-7,289688,A,25.50000000,51.25000000,ASIA,Qatar,ARP
Alaska,Alaska,GPE,0.09523810,0.52759740,en,4.40000000,4001016-8,5879092,A,64.00028000,-150.00028000,NORTH-AMERICA,United States,NWN
Morioka,Morioka,GPE,0.16502193,0.42982456,en,4.34285714,4323908-0,2111834,P,39.70000000,141.15000000,ASIA,Japan,EAS
Finland,Finland,GPE,0.07556306,0.77586336,en,4.32467532,4017243-0,660013,A,64.00000000,26.00000000,EUROPE,Finland,NEU
The United States,The United States,GPE,-0.09436139,0.43929881,en,4.31127820,,0,,,,,,
Fukuoka City,Fukuoka City,GPE,0.26916843,0.75743481,en,4.30000000,4125989-0,1863967,P,33.60000000,130.41667000,ASIA,Japan,EAS
Utsunomiya City,Utsunomiya City,GPE,0.11708768,0.42656250,en,4.22857143,,0,,,,,,
Niigata City,Niigata City,GPE,0.09954571,0.30863835,en,4.17698413,4208484-2,1855431,P,37.92259000,139.04125000,ASIA,Japan,EAS
the Kuril Trench,the Kuril Trench,LOC,0.27353859,0.98278599,en,4.14285714,,0,,,,,,
Kesennuma City,Kesennuma City,GPE,0.21070789,0.51173835,en,4.13333333,,0,,,,,,
Fukui,Fukui,GPE,0.17903226,0.47587366,en,4.13333333,4250606-2,1863985,P,36.06443000,136.22257000,ASIA,Japan,EAS
Antarctic,Antarctic,LOC,-0.47509239,1.18739837,en,4.10000000,,6632710,L,-90.00000000,0.00000000,POLAR,Antarctica,EAN
Hakodate City,Hakodate City,GPE,0.00000000,0.00000000,en,4.10000000,,6513244,S,41.75000000,140.71660000,ASIA,Japan,EAS
Sweden,Sweden,GPE,-0.13822903,0.49997690,en,4.09603175,4077258-5,2661886,A,62.00000000,15.00000000,EUROPE,Sweden,NEU
Aso,Aso,GPE,0.18442623,0.24590164,en,4.06666667,5179317-9,12343407,L,30.16979000,81.34847000,ASIA,Nepal,TIB
Sakata City,Sakata City,GPE,-0.02479339,0.17768595,en,4.03333333,,8742122,P,37.44746000,138.66566000,ASIA,Japan,EAS
Minami,Minami,GPE,0.09316636,0.31310941,en,4.00000000,,1857197,L,34.95000000,139.95000000,ASIA,Japan,EAS
Netherlands,Netherlands,GPE,0.04394619,0.67872446,en,3.98214286,4042203-3,2750405,A,52.25000000,5.75000000,EUROPE,The Netherlands,NEU
Texas,Texas,GPE,0.42883529,1.28650588,en,3.98088235,4059594-8,12217092,L,28.92040000,-98.57720000,CENTRAL-AMERICA,United States,NCA
Tottori,Tottori,LOC,0.03912543,0.16283084,en,3.95000000,4309653-0,1849892,P,35.50000000,134.23333000,ASIA,Japan,EAS
Miyako City,Miyako City,GPE,0.07692308,0.13461538,en,3.90000000,,10316668,P,33.87904000,130.84907000,ASIA,Japan,EAS
Minato-ku,Minato-ku,GPE,-0.03252264,0.37705654,en,3.87142857,,1857091,A,35.65000000,139.73333000,ASIA,Japan,EAS
Washington,Washington,GPE,-0.09363469,0.37992005,en,3.87142857,4064682-8,4140963,P,38.89511000,-77.03637000,NORTH-AMERICA,United States,ENA
Lotte,Lotte,GPE,-0.01157212,0.81356539,en,3.86666667,4411253-1,6800091,L,37.51110000,127.09800000,ASIA,South Korea,EAS
Belgium,Belgium,GPE,0.27157140,0.64767623,en,3.86638655,4005406-8,2802361,A,50.75000000,4.50000000,EUROPE,Belgium,WCE
Kofu,Kofu,GPE,0.02222222,0.57472767,en,3.82500000,,1859100,P,35.66667000,138.56667000,ASIA,Japan,EAS
Kurume,Kurume,GPE,0.26578947,0.73421053,en,3.80000000,4385887-9,1858088,P,33.31667000,130.51667000,ASIA,Japan,EAS
Mindanao,Mindanao,GPE,0.02631579,0.26973684,en,3.80000000,4100996-4,1699597,T,7.66382000,125.13051000,ASIA,Philippines,SEA
Kyoto City,Kyoto City,GPE,0.35578331,0.87481698,en,3.79444444,,10338199,S,35.03088000,135.75143000,ASIA,Japan,EAS
west,west,LOC,0.09065489,0.57454010,en,3.77500000,,11887751,L,42.77268000,-116.95790000,NORTH-AMERICA,United States,WNA
Takaoka City,Takaoka City,GPE,-0.03162963,0.33407407,en,3.75000000,,7559365,S,35.17417000,136.91619000,ASIA,Japan,EAS
Tsugaru,Tsugaru,GPE,0.00000000,0.06756757,en,3.70000000,,0,,,,,,
Tamura City,Tamura City,GPE,0.08108108,0.14189189,en,3.70000000,,7558140,S,35.35631000,136.28188000,ASIA,Japan,EAS
Tsuruoka City,Tsuruoka City,GPE,-0.02027027,0.49324324,en,3.70000000,,0,,,,,,
Tenki.jp,Tenki.jp,GPE,-0.09459459,0.40540541,en,3.70000000,,0,,,,,,
Koshi City,Koshi City,GPE,0.09459459,0.14864865,en,3.70000000,,9888453,T,33.61623000,130.22180000,ASIA,Japan,EAS
Daitojima,Daitojima,LOC,0.17417417,0.60135135,en,3.70000000,,0,,,,,,
"[Kumamoto City]
","[Kumamoto City]
",GPE,0.00000000,0.00000000,en,3.70000000,,11209896,P,32.77856000,130.74537000,ASIA,Japan,EAS
Uto City,Uto City,GPE,-0.12162162,0.18918919,en,3.70000000,,0,,,,,,
Shizuoka Prefecture,Shizuoka Prefecture,LOC,0.13175676,0.33445946,en,3.70000000,4289915-1,1851717,P,34.98333000,138.38333000,ASIA,Japan,EAS
Miyako Island,Miyako Island,LOC,0.16103604,0.50225225,en,3.70000000,,1856779,T,24.78333000,125.33333000,ASIA,Japan,EAS
the Kii Peninsula,the Kii Peninsula,LOC,-0.06306306,0.27927928,en,3.70000000,,0,,,,,,
Bangladesh,Bangladesh,GPE,0.03716216,0.33896396,en,3.70000000,4130903-0,1210997,A,24.00000000,90.00000000,ASIA,Bangladesh,SAS
Shirakawa City,Shirakawa City,GPE,0.00000000,0.00000000,en,3.70000000,,1864057,P,35.68311000,139.80525000,ASIA,Japan,EAS
Akune City,Akune City,GPE,0.00000000,0.00000000,en,3.70000000,,0,,,,,,
Yakushima,Yakushima,GPE,-0.01081081,0.27567568,en,3.70000000,,6300344,S,30.38557000,130.65902000,ASIA,Japan,EAS
Kamchatka Peninsula,Kamchatka Peninsula,LOC,0.11156156,0.43078078,en,3.70000000,,2125073,T,56.28672000,159.23540000,ASIA,Russia,RFE
M7.5,M7.5,GPE,0.07722008,0.14478764,en,3.70000000,,0,,,,,,
Japan Sea,Japan Sea,LOC,0.05225225,0.26111111,en,3.70000000,,0,,,,,,
J.League,J.League,GPE,-0.03354783,0.31797512,en,3.70000000,,0,,,,,,
Heilongjiang Province,Heilongjiang Province,GPE,0.13513514,0.25225225,en,3.70000000,,2036965,A,47.75000000,128.00000000,ASIA,China,ESB
Nishihara Village,Nishihara Village,GPE,0.09459459,0.14864865,en,3.70000000,,0,,,,,,
the San'in coast,the San'in coast,LOC,-0.03783784,0.23783784,en,3.70000000,,5359123,T,32.80005000,-116.28418000,CENTRAL-AMERICA,United States,NCA
West Japan,West Japan,GPE,0.23955774,0.74447174,en,3.70000000,,12405519,A,-1.87056000,136.23861000,ASIA,Indonesia,SEA
Hitoyoshi,Hitoyoshi,GPE,0.02657658,0.34909910,en,3.70000000,4702760-5,1862352,P,32.21667000,130.75000000,ASIA,Japan,EAS
M5.6,M5.6,GPE,0.05855856,0.16666667,en,3.70000000,,0,,,,,,
Tsunagi Town,Tsunagi Town,GPE,0.00000000,0.00000000,en,3.70000000,,0,,,,,,
Obihiro City,Obihiro City,GPE,-0.02815315,0.19707207,en,3.70000000,,0,,,,,,
Satsuma,Satsuma,GPE,-0.23423423,0.35135135,en,3.70000000,,1852853,A,31.50000000,130.41667000,ASIA,Japan,EAS
Ashikaga City,Ashikaga City,GPE,0.00309685,0.51210586,en,3.70000000,,0,,,,,,
Mito City,Mito City,GPE,0.06756757,0.13513514,en,3.70000000,,0,,,,,,
Okayama,Okayama,GPE,0.28378378,0.47972973,en,3.70000000,4102047-9,1854383,P,34.65000000,133.93333000,ASIA,Japan,EAS
TOKYO,TOKYO,GPE,0.15082303,0.84722097,en,3.59642857,4078337-6,1850147,P,35.68950000,139.69171000,ASIA,Japan,EAS
Ehime Prefecture,Ehime Prefecture,LOC,0.10496183,0.23324852,en,3.57272727,1051947-6,1926099,P,33.83916000,132.76574000,ASIA,Japan,EAS
Rokkasho Village,Rokkasho Village,GPE,-0.04642857,0.38452381,en,3.50000000,,0,,,,,,
Asia,Asia,LOC,0.33525896,0.76254980,en,3.48611111,,0,,,,,,
Hungary,Hungary,GPE,-0.00888070,0.65015193,en,3.46666667,4078541-5,719819,A,47.00000000,20.00000000,EUROPE,Hungary,WCE
Africa,Africa,LOC,0.21716649,0.47535333,en,3.45357143,,0,,,,,,
Yatsushiro,Yatsushiro,GPE,0.27395323,0.63966428,en,3.44285714,103881829X,1848444,A,35.58333000,138.66667000,ASIA,Japan,EAS
the Northern Alps,the Northern Alps,LOC,0.00000000,0.00000000,en,3.42857143,,5572897,L,41.01960000,-123.10793000,NORTH-AMERICA,United States,WNA
Hong Kong,Hong Kong,GPE,-0.08766447,0.70731908,en,3.37777778,1318138531,1819729,P,22.27832000,114.17469000,ASIA,Hong Kong,EAS
Koriyama City,Koriyama City,GPE,0.03799505,0.37227723,en,3.36666667,,0,,,,,,
Hanamaki City,Hanamaki City,GPE,0.00000000,0.03726287,en,3.35454545,,0,,,,,,
Florida,Florida,GPE,0.07510730,0.10014306,en,3.32857143,4017585-6,12217087,L,26.50000000,-81.00000000,NORTH-AMERICA,United States,ENA
Switzerland,Switzerland,GPE,0.54555326,1.21938272,en,3.32773109,,2658434,A,47.00016000,8.01427000,EUROPE,Switzerland,WCE
Matsue City,Matsue City,GPE,0.04508588,0.45085878,en,3.32698413,,0,,,,,,
Bundesliga,Bundesliga,GPE,-0.14191919,0.29469697,en,3.30000000,,0,,,,,,
Vietnam,Vietnam,GPE,0.17783505,0.26460481,en,3.23333333,4063514-4,1562822,A,16.16667000,107.83333000,ASIA,Vietnam,SEA
Portugal,Portugal,GPE,0.24146050,0.72007740,en,3.22689076,4046843-4,2264397,A,39.69450000,-8.13057000,EUROPE-AFRICA,Portugal,MED
Egypt,Egypt,GPE,0.15775336,0.51529304,en,3.21176471,4000556-2,357994,A,27.00000000,30.00000000,AFRICA,Egypt,SAH
Misawa City,Misawa City,GPE,0.00000000,0.00000000,en,3.20000000,,0,,,,,,
Okuma Town,Okuma Town,GPE,0.33463542,0.40364583,en,3.20000000,,0,,,,,,
Meiji,Meiji,GPE,0.20105820,0.70105820,en,3.15000000,,11468651,L,43.33604000,145.59940000,ASIA,Japan,EAS
Nakadori,Nakadori,GPE,0.07772131,0.12708967,en,3.13333333,,11526733,P,42.49509000,143.27919000,ASIA,Japan,EAS
Nanbu Town,Nanbu Town,GPE,-0.08064516,0.27419355,en,3.10000000,,1855697,P,35.28333000,138.45000000,ASIA,Japan,EAS
Sukagawa City,Sukagawa City,GPE,0.05266204,0.40914352,en,3.08571429,,0,,,,,,
Houston,Houston,GPE,-0.21131222,0.58506787,en,3.06944444,4095673-8,4699066,P,29.76328000,-95.36327000,NORTH-AMERICA,United States,CNA
Joetsu City,Joetsu City,GPE,0.26123254,0.82043109,en,3.05000000,,0,,,,,,
the Chugoku Mountains,the Chugoku Mountains,LOC,-0.10860829,0.52929357,en,3.03076923,,0,,,,,,
Türkiye,Türkiye,GPE,-0.08746230,0.34984920,en,3.01428571,4061163-2,298795,A,39.00000000,35.00000000,EUROPE-AFRICA,Turkey,MED
the Nogawa River,the Nogawa River,LOC,0.06666667,0.35740741,en,3.00000000,,0,,,,,,
Saga Prefecture,Saga Prefecture,LOC,0.06166667,0.50277778,en,3.00000000,,1853303,P,33.23333000,130.30000000,ASIA,Japan,EAS
NHK BS,NHK BS,GPE,0.05290374,0.65155131,en,2.99285714,,0,,,,,,
Brussels,Brussels,GPE,0.09225806,0.17612903,en,2.98076923,4008460-7,2800866,P,50.85045000,4.34878000,EUROPE,Belgium,WCE
Yarikata,Yarikata,GPE,0.00846154,0.08461538,en,2.95454545,,0,,,,,,
the Sea of ​​Okhotsk side,the Sea of ​​Okhotsk side,LOC,-0.04701968,0.99155093,en,2.95384615,,0,,,,,,
Yokohama,Yokohama,GPE,0.02935735,0.85732523,en,2.94848485,4192186-0,1848354,P,35.43333000,139.65000000,ASIA,Japan,EAS
Tateyama,Tateyama,GPE,0.08520599,0.11360799,en,2.93406593,4309715-7,1850523,P,34.98333000,139.86667000,ASIA,Japan,EAS
Roman city,Roman city,GPE,-0.24137931,0.47988506,en,2.90000000,,4908465,S,41.85920000,-87.66783000,NORTH-AMERICA,United States,ENA
Kaetsu,Kaetsu,GPE,-0.08237548,0.62452107,en,2.90000000,,12149565,S,35.64113000,139.79787000,ASIA,Japan,EAS
Iwaki City,Iwaki City,GPE,-0.13448276,0.68620690,en,2.90000000,,0,,,,,,
the Sea of ​​Japan coast,the Sea of ​​Japan coast,LOC,0.28065134,0.77107280,en,2.90000000,,0,,,,,,
Higashidori Village,Higashidori Village,GPE,0.00000000,0.00000000,en,2.90000000,,0,,,,,,
Tokai Village,Tokai Village,GPE,0.17758621,0.73534483,en,2.90000000,,0,,,,,,
Ishigaki City,Ishigaki City,GPE,0.06724138,0.25373563,en,2.90000000,,0,,,,,,
Shibuya,Shibuya,GPE,0.32784781,0.87355275,en,2.83333333,,11808021,P,35.65890000,139.70665000,ASIA,Japan,EAS
Minnesota,Minnesota,GPE,-0.20418317,0.56649689,en,2.80476190,4101012-7,5037779,A,46.25024000,-94.25055000,NORTH-AMERICA,United States,CNA
Aso City,Aso City,GPE,0.21031746,0.26587302,en,2.80000000,,1591629,T,15.90000000,107.65000000,ASIA,Vietnam,SEA
Tokushima Prefecture,Tokushima Prefecture,GPE,0.07142857,0.36706349,en,2.80000000,4338563-1,1850158,P,34.06667000,134.56667000,ASIA,Japan,EAS
the Great North region,the Great North region,LOC,0.14360119,0.54092262,en,2.80000000,,12212304,L,44.57143000,-84.69022000,NORTH-AMERICA,United States,ENA
Philadelphia,Philadelphia,GPE,-0.07302296,0.27249150,en,2.80000000,4103331-0,4560349,P,39.95238000,-75.16362000,NORTH-AMERICA,United States,ENA
Ishikari,Ishikari,GPE,-0.05952381,0.52678571,en,2.80000000,,2129909,P,43.23972000,141.35389000,ASIA,Japan,EAS
Kiev,Kiev,GPE,-0.05059524,0.39583333,en,2.80000000,4030522-3,703448,P,50.45466000,30.52380000,EUROPE,Ukraine,WCE
Shin-Aomori,Shin-Aomori,GPE,-0.08928571,0.26785714,en,2.80000000,,8311625,S,40.53426000,141.49112000,ASIA,Japan,EAS
Hamatonbetsu Town,Hamatonbetsu Town,GPE,0.00000000,0.00000000,en,2.80000000,,0,,,,,,
Otsuchi,Otsuchi,GPE,0.33636243,0.57177249,en,2.80000000,,1853429,T,34.41886000,133.92260000,ASIA,Japan,EAS
Fudai Village,Fudai Village,GPE,0.10714286,0.18750000,en,2.80000000,,0,,,,,,
Melbourne,Melbourne,GPE,0.13802083,0.58333333,en,2.80000000,4038526-7,2158177,P,-37.81400000,144.96332000,OCEANIA,Australia,SAU
Kanto region,Kanto region,LOC,0.14880952,0.65773810,en,2.80000000,,1860102,L,36.25000000,139.50000000,ASIA,Japan,EAS
Victoria,Victoria,GPE,0.44642857,0.60714286,en,2.80000000,,241131,P,-4.62001000,55.45501000,INDIAN,Seychelles,EIO
Hachijojima,Hachijojima,GPE,0.00000000,0.01785714,en,2.80000000,,6300407,S,33.11500000,139.78583000,ASIA,Japan,EAS
Chishima,Chishima,LOC,-0.00194363,0.34900389,en,2.80000000,4110422-5,2131689,T,47.00000000,152.08333000,ASIA,Russia,RFE
North Korea's,North Korea's,GPE,0.11904762,0.26785714,en,2.80000000,4075468-6,1873107,A,40.00000000,127.00000000,ASIA,North Korea,EAS
Ichikawa City,Ichikawa City,GPE,-0.10714286,0.39285714,en,2.80000000,1097215350,9890914,P,33.35760000,130.16623000,ASIA,Japan,EAS
Miyako,Miyako,GPE,0.00000000,0.00000000,en,2.80000000,4748481-0,1856773,T,24.40000000,125.00000000,ASIA,Japan,EAS
Yasugi City,Yasugi City,GPE,0.05519481,0.18506494,en,2.80000000,,0,,,,,,
Takasaki City,Takasaki City,GPE,0.00000000,0.00000000,en,2.80000000,,1850991,T,33.25133000,131.52600000,ASIA,Japan,EAS
midwestern United States,midwestern United States,GPE,-0.17872174,0.46885522,en,2.80000000,,11887750,L,42.65982000,-93.93863000,NORTH-AMERICA,United States,CNA
Aomori City,Aomori City,GPE,0.27976190,0.45833333,en,2.80000000,,6512554,S,40.81660000,140.75000000,ASIA,Japan,EAS
Sakurajima,Sakurajima,GPE,0.00212585,0.30782313,en,2.80000000,,1862746,A,31.56667000,130.66667000,ASIA,Japan,EAS
Kikuyo Town,Kikuyo Town,GPE,-0.11458333,0.52628968,en,2.80000000,,0,,,,,,
Otsu Town,Otsu Town,GPE,0.12500000,0.19642857,en,2.80000000,,0,,,,,,
Ito City,Ito City,GPE,-0.16964286,0.36607143,en,2.80000000,,3435874,P,-34.62264000,-58.44104000,SOUTH-AMERICA,Argentina,SES
Kiryu City,Kiryu City,GPE,0.08928571,0.21428571,en,2.80000000,,0,,,,,,
Shimomashiki District,Shimomashiki District,LOC,0.04464286,0.25297619,en,2.80000000,,0,,,,,,
Minamidake,Minamidake,LOC,0.07653061,0.15306122,en,2.80000000,,11760397,T,44.11198000,145.16038000,ASIA,Japan,EAS
Ginza West,Ginza West,GPE,0.00000000,0.00000000,en,2.80000000,,0,,,,,,
Nobeoka City,Nobeoka City,GPE,0.10714286,0.18750000,en,2.80000000,,0,,,,,,
Shiga Town,Shiga Town,GPE,0.00000000,0.00000000,en,2.80000000,,0,,,,,,
Morimon,Morimon,GPE,0.08290816,0.52040816,en,2.80000000,,0,,,,,,
Saito City,Saito City,GPE,0.10714286,0.18750000,en,2.80000000,,1853221,T,33.64451000,130.36090000,ASIA,Japan,EAS
Northeast,Northeast,LOC,0.07222673,0.36778274,en,2.80000000,,11887749,L,42.80019000,-74.11805000,NORTH-AMERICA,United States,ENA
Miyagi,Miyagi,GPE,-0.02678571,0.07366071,en,2.80000000,4118584-5,2111149,P,38.26667000,140.86667000,ASIA,Japan,EAS
Tsunan Town,Tsunan Town,GPE,0.18750000,0.52380952,en,2.80000000,,0,,,,,,
Northern Kyushu,Northern Kyushu,GPE,0.06071429,0.40000000,en,2.80000000,,11357849,S,26.68639000,128.23083000,ASIA,Japan,EAS
Syria,Syria,GPE,-0.12797619,0.31547619,en,2.80000000,4058794-0,163843,A,35.00000000,38.00000000,EUROPE-AFRICA,Syria,MED
Anamizu Town,Anamizu Town,GPE,0.05936824,0.34496753,en,2.80000000,,0,,,,,,
Saitama City,Saitama City,GPE,-0.09375000,0.25744048,en,2.80000000,,1856987,A,35.83221000,139.87185000,ASIA,Japan,EAS
Itoigawa City,Itoigawa City,GPE,0.05479497,0.52106481,en,2.80000000,,0,,,,,,
Namie Town,Namie Town,GPE,-0.03571429,0.03571429,en,2.80000000,,0,,,,,,
Kita Ward,Kita Ward,GPE,0.02380952,0.21329365,en,2.80000000,,0,,,,,,
the sea east,the sea east,LOC,-0.04075397,0.36386905,en,2.80000000,,295347,H,31.55747000,35.49545000,EUROPE-AFRICA,Jordan,MED
Tono City,Tono City,GPE,0.13690476,0.30505952,en,2.80000000,,10311641,P,33.82372000,130.73655000,ASIA,Japan,EAS
Shibuya Ward,Shibuya Ward,GPE,-0.11011905,0.18750000,en,2.80000000,,0,,,,,,
Kanuma City,Kanuma City,GPE,0.12500000,0.19642857,en,2.80000000,,0,,,,,,
Tochigi City,Tochigi City,GPE,0.12500000,0.19642857,en,2.80000000,,0,,,,,,
Wakayama,Wakayama,GPE,0.28165098,0.86548332,en,2.78333333,4336248-5,1926004,P,34.23333000,135.16667000,ASIA,Japan,EAS
Hamadori,Hamadori,GPE,-0.03603604,0.06006006,en,2.77500000,,11174194,P,32.70492000,130.59122000,ASIA,Japan,EAS
Oku-Noto,Oku-Noto,GPE,0.03006653,0.44100330,en,2.75714286,,0,,,,,,
Shiga Prefecture,Shiga Prefecture,GPE,0.11942257,0.80839895,en,2.72142857,129630-9,1853574,P,35.00000000,135.86667000,ASIA,Japan,EAS
the eastern sea,the eastern sea,LOC,-0.05987654,0.60000000,en,2.70000000,,991352,P,-33.68421000,26.67036000,AFRICA,South Africa,ESAF
Niikappu Town,Niikappu Town,GPE,0.00000000,0.00000000,en,2.70000000,,0,,,,,,
Chishima Trench,Chishima Trench,LOC,0.10824515,0.45833333,en,2.70000000,,0,,,,,,
Xi'an,Xi'an,GPE,0.13888889,0.44135802,en,2.70000000,4225216-7,1790630,P,34.25833000,108.92861000,ASIA,China,EAS
the Shiretoko Peninsula,the Shiretoko Peninsula,LOC,0.38580247,0.56790123,en,2.70000000,,0,,,,,,
Kobe City,Kobe City,GPE,0.33510638,0.42819149,en,2.68571429,,10400744,S,34.67783000,135.17663000,ASIA,Japan,EAS
Kesennuma,Kesennuma,GPE,0.58198758,0.59813665,en,2.68333333,,2112263,P,38.90112000,141.57746000,ASIA,Japan,EAS
Yokosuka,Yokosuka,GPE,0.28002966,0.89325534,en,2.62727273,4264872-5,1848313,P,35.28361000,139.66722000,ASIA,Japan,EAS
Tohoku Town,Tohoku Town,GPE,0.05256410,0.16153846,en,2.60000000,,7283663,S,41.46521000,140.89022000,ASIA,Japan,EAS
Kamikita,Kamikita,GPE,0.00000000,0.00000000,en,2.60000000,,2129754,A,40.82260000,141.22597000,ASIA,Japan,EAS
Futaba Town,Futaba Town,GPE,0.51282051,0.69230769,en,2.60000000,,0,,,,,,
the Tamagawa River,the Tamagawa River,LOC,0.05904696,0.71892265,en,2.58571429,,0,,,,,,
Phoenix,Phoenix,GPE,0.11289847,0.28003247,en,2.56666667,4119970-4,5308655,P,33.44838000,-112.07404000,CENTRAL-AMERICA,United States,NCA
Osawa,Osawa,GPE,0.00000000,0.09740260,en,2.56666667,,2111353,A,38.33333000,140.66667000,ASIA,Japan,EAS
Brighton,Brighton,GPE,0.00000000,0.41739130,en,2.55555556,4008266-0,2654710,P,50.82838000,-0.13947000,EUROPE,United Kingdom,NEU
Onagawa Town,Onagawa Town,GPE,0.04934211,0.47039474,en,2.53333333,,0,,,,,,
South Africa,South Africa,GPE,0.09900990,0.26916025,en,2.52500000,4078012-0,953987,A,-29.00000000,24.00000000,AFRICA,South Africa,WSAF
Katsuya,Katsuya,GPE,-0.19048027,0.43078902,en,2.52380952,,0,,,,,,
Tama,Tama,LOC,0.14174197,0.64500870,en,2.51826923,,6822129,P,35.64360000,139.46844000,ASIA,Japan,EAS
Norway,Norway,GPE,0.05000000,0.06666667,en,2.50000000,4042640-3,3144096,A,62.00000000,10.00000000,EUROPE,Norway,NEU
Ninohe City,Ninohe City,GPE,-0.04500000,0.09500000,en,2.50000000,,0,,,,,,
Yotsuya,Yotsuya,GPE,-0.10666667,0.24000000,en,2.50000000,,8573477,P,35.68972000,139.71641000,ASIA,Japan,EAS
the Kii Mountains,the Kii Mountains,LOC,0.00412698,0.38190476,en,2.50000000,,0,,,,,,
Oirase Town,Oirase Town,GPE,0.00000000,0.00000000,en,2.50000000,,0,,,,,,
Gaza,Gaza,GPE,0.09666667,0.17333333,en,2.50000000,4092680-1,281133,P,31.50161000,34.46672000,EUROPE-AFRICA,Palestinian Territory,MED
Kanazawa City,Kanazawa City,GPE,0.23500000,0.55500000,en,2.50000000,,1860243,P,36.60000000,136.61667000,ASIA,Japan,EAS
Sichuan,Sichuan,GPE,0.37733333,0.64377778,en,2.50000000,4249575-1,1815286,P,30.66667000,104.06667000,ASIA,China,EAS
Gonohe Town,Gonohe Town,GPE,0.00000000,0.00000000,en,2.50000000,,0,,,,,,
Milan,Milan,GPE,0.08298359,0.59130462,en,2.48822055,4037100-1,3173435,P,45.46427000,9.18951000,EUROPE,Italy,WCE
Scotland,Scotland,GPE,0.06426859,0.34324540,en,2.48214286,4053233-1,5057190,A,40.45260000,-92.14705000,NORTH-AMERICA,United States,CNA
Suzu,Suzu,GPE,0.14839181,0.53898635,en,2.44285714,,1851349,A,37.33333000,137.21667000,ASIA,Japan,EAS
Todoroki,Todoroki,GPE,0.10294118,0.20588235,en,2.42857143,,2127786,P,43.01667000,140.90000000,ASIA,Japan,EAS
Noheji Town,Noheji Town,GPE,0.00000000,0.00000000,en,2.40000000,,0,,,,,,
Hiranai Town,Hiranai Town,GPE,0.00000000,0.00000000,en,2.40000000,,0,,,,,,
Chuo Ward,Chuo Ward,GPE,0.33333333,0.31250000,en,2.40000000,,7422794,S,33.58928000,130.39297000,ASIA,Japan,EAS
Ikebukuro,Ikebukuro,GPE,0.41666667,0.56481481,en,2.40000000,,7522199,P,35.73681000,139.70711000,ASIA,Japan,EAS
Chateraise,Chateraise,GPE,0.17269173,0.85303759,en,2.39898990,,10330274,S,43.17108000,141.35564000,ASIA,Japan,EAS
Asahikawa City,Asahikawa City,GPE,0.12549801,0.20916335,en,2.39047619,7655507-0,2130629,P,43.77063000,142.36489000,ASIA,Japan,EAS
Thailand,Thailand,GPE,-0.13893525,0.77553405,en,2.37777778,4078228-1,1605651,A,15.50000000,101.00000000,ASIA,Thailand,SEA
Mount Vesuvius,Mount Vesuvius,LOC,0.21941489,1.18794326,en,2.35000000,,2727909,T,78.07305000,14.80571000,ARCTIC,Svalbard and Jan Mayen,ARO
Doha,Doha,GPE,0.09597156,0.26303318,en,2.34444444,4219005-8,290030,P,25.28545000,51.53096000,ASIA,Qatar,ARP
Macau,Macau,GPE,0.00000000,0.04274084,en,2.33968254,4036791-5,1821274,P,22.20056000,113.54611000,ASIA,Macao,EAS
the Sea of Japan,the Sea of Japan,LOC,-0.03214286,0.64404762,en,2.33333333,,7733078,S,15.21300000,145.75700000,PACIFIC,Northern Mariana Islands,NPO
Shiretoko,Shiretoko,GPE,0.03571429,0.07142857,en,2.33333333,,2128064,T,44.00000000,145.00000000,ASIA,Japan,EAS
Kharg Island,Kharg Island,LOC,-0.13571429,0.28571429,en,2.33333333,,6656990,S,29.25930000,50.32360000,ASIA,Iran,WCA
Bremen,Bremen,GPE,-0.06978528,0.16641104,en,2.32857143,4090044-7,2944388,P,53.07582000,8.80717000,EUROPE,Germany,NEU
Oshima,Oshima,LOC,0.00000000,0.10817308,en,2.31111111,,2128596,T,42.00000000,140.50000000,ASIA,Japan,EAS
Fukuyama City,Fukuyama City,GPE,-0.06521739,0.34782609,en,2.30000000,,8663713,P,36.62107000,137.01945000,ASIA,Japan,EAS
NTT East,NTT East,LOC,-0.09299517,0.51932367,en,2.30000000,,170782,P,36.31939000,37.31718000,EUROPE-AFRICA,Syria,MED
Soma City,Soma City,GPE,0.39130435,0.39130435,en,2.30000000,,6363987,P,37.71278000,126.64332000,ASIA,South Korea,EAS
Karumai Town,Karumai Town,GPE,0.00000000,0.00000000,en,2.30000000,,0,,,,,,
Tajima,Tajima,GPE,0.31055901,0.49689441,en,2.30000000,,1851196,L,34.03333000,131.56667000,ASIA,Japan,EAS
Colombia,Colombia,GPE,0.08289643,0.99960485,en,2.29201681,4031812-6,3686110,A,4.00000000,-73.25000000,SOUTH-AMERICA,Colombia,NWS
Kharkiv,Kharkiv,GPE,0.13125000,0.43750000,en,2.28571429,4009782-1,706483,P,49.98177000,36.25475000,EUROPE,Ukraine,WCE
Patagonia,Patagonia,GPE,-0.10989011,0.60805861,en,2.27500000,,3841798,L,-44.00000000,-68.00000000,SOUTH-AMERICA,Argentina,SSA
Hinamatsuri,Hinamatsuri,GPE,0.18700000,1.27600000,en,2.27272727,,0,,,,,,
Shimas,Shimas,GPE,0.00000000,0.00000000,en,2.25454545,,102041,P,26.35000000,43.98333000,ASIA,Saudi Arabia,ARP
Kyoto Prefecture,Kyoto Prefecture,GPE,0.31343284,1.16417910,en,2.23333333,4073426-2,1857910,P,35.02107000,135.75385000,ASIA,Japan,EAS
Miami,Miami,GPE,-0.01119403,0.33582090,en,2.23333333,4039108-5,4164138,P,25.77427000,-80.19366000,NORTH-AMERICA,United States,ENA
New York City,New York City,GPE,0.14620081,0.59056988,en,2.23333333,4042011-5,5128581,P,40.71427000,-74.00597000,NORTH-AMERICA,United States,ENA
Hakone,Hakone,GPE,-0.11054104,0.40298507,en,2.23333333,4140643-6,1863354,T,35.23333000,139.03333000,ASIA,Japan,EAS
the Kanto plains,the Kanto plains,LOC,-0.21092279,0.49717514,en,2.21250000,,0,,,,,,
Ueno,Ueno,GPE,-0.33649684,0.79087579,en,2.20000000,,2081114,P,7.44648000,151.84135000,PACIFIC,Micronesia,EPO
Naha,Naha,GPE,0.15909091,0.50757576,en,2.20000000,4436813-6,1856035,P,26.21300000,127.67851000,ASIA,Japan,EAS
Asahikawa,Asahikawa,GPE,-0.02424242,0.38787879,en,2.20000000,7655507-0,2130629,P,43.77063000,142.36489000,ASIA,Japan,EAS
Middle East,Middle East,LOC,0.04272788,0.14242627,en,2.19411765,,0,,,,,,
Inagi City,Inagi City,GPE,0.34246914,0.74604938,en,2.14285714,,0,,,,,,
Pakistan,Pakistan,GPE,0.00000000,0.00000000,en,2.14285714,4075812-6,1168579,A,30.00000000,70.00000000,ASIA,Pakistan,WCA
Fuchu city,Fuchu city,GPE,-0.12631579,0.28421053,en,2.11111111,,7559960,S,36.67781000,137.16861000,ASIA,Japan,EAS
Kurashiki City,Kurashiki City,GPE,0.04166667,0.26785714,en,2.10000000,,0,,,,,,
Uonuma City,Uonuma City,GPE,0.26488095,1.02380952,en,2.10000000,,0,,,,,,
Okayama City,Okayama City,GPE,-0.04761905,0.44444444,en,2.10000000,,1850742,P,34.51745000,133.94574000,ASIA,Japan,EAS
Chernobyl,Chernobyl,GPE,-0.23809524,0.35714286,en,2.10000000,4127036-8,710403,P,51.27013000,30.21968000,EUROPE,Ukraine,WCE
Saudi Arabia,Saudi Arabia,GPE,0.15151515,0.26695527,en,2.10000000,4051788-3,102358,A,25.00000000,45.00000000,ASIA,Saudi Arabia,ARP
Kure,Kure,GPE,0.19310345,0.06436782,en,2.07142857,,1858296,P,34.23222000,132.56658000,ASIA,Japan,EAS
Sakaiminato City,Sakaiminato City,GPE,0.00000000,0.00000000,en,2.06666667,,0,,,,,,
Paraguay,Paraguay,GPE,-0.40129252,0.92401361,en,2.05882353,4044601-3,3437598,A,-23.33333000,-58.00000000,SOUTH-AMERICA,Paraguay,SES
Setagaya,Setagaya,GPE,0.31013986,0.54883450,en,2.04285714,,1852675,A,35.64657000,139.65325000,ASIA,Japan,EAS
the Czech Republic,the Czech Republic,GPE,-0.67172012,0.92944606,en,2.04166667,,6986495,T,28.44912000,56.84917000,ASIA,Iran,WCA
Poland,Poland,GPE,0.32453052,0.71314554,en,2.02857143,4046496-9,798544,A,52.00000000,20.00000000,EUROPE,Poland,WCE
Taiga,Taiga,GPE,0.23035714,0.44226190,en,2.00000000,,1515021,T,50.75000000,98.50000000,ASIA,Mongolia,ESB
Southeast Asia,Southeast Asia,LOC,0.08333333,0.16666667,en,2.00000000,,11497301,L,10.75053000,106.75050000,ASIA,Vietnam,SEA
Yokosuka City,Yokosuka City,GPE,0.00000000,0.00000000,en,2.00000000,,0,,,,,,
Saga City,Saga City,GPE,0.25000000,0.26666667,en,2.00000000,,1853303,P,33.23333000,130.30000000,ASIA,Japan,EAS
May.,May.,GPE,0.19833333,0.52666667,en,2.00000000,,3489523,P,17.96454000,-77.24515000,CENTRAL-AMERICA,Jamaica,CAR
Hachimantai City,Hachimantai City,GPE,0.00000000,0.00000000,en,2.00000000,,0,,,,,,
Ubuyama Village,Ubuyama Village,GPE,0.00000000,0.00000000,en,2.00000000,,0,,,,,,
the Tokara Islands,the Tokara Islands,LOC,0.16666667,0.66666667,en,2.00000000,,0,,,,,,
Ama City,Ama City,GPE,0.13333333,0.37500000,en,2.00000000,4293636-6,2657060,P,54.35000000,-6.66667000,EUROPE,United Kingdom,NEU
Greenland,Greenland,GPE,0.00000000,0.12500000,en,2.00000000,4022113-1,3425505,A,72.00000000,-40.00000000,POLAR,Greenland,GIC
Maebashi,Maebashi,GPE,-0.05000000,0.20000000,en,2.00000000,4585830-5,1857843,P,36.40000000,139.08333000,ASIA,Japan,EAS
the Kumamoto Earthquakes,the Kumamoto Earthquakes,LOC,-0.30000000,0.45000000,en,2.00000000,,0,,,,,,
Ohio,Ohio,GPE,-0.09000000,0.35500000,en,2.00000000,4043387-0,5165418,A,40.25034000,-83.00018000,NORTH-AMERICA,United States,ENA
Taketomi Town,Taketomi Town,GPE,0.00000000,0.00000000,en,2.00000000,,6300466,S,24.06667000,123.80000000,ASIA,Japan,EAS
Stuttgart,Stuttgart,GPE,0.10000000,0.65000000,en,2.00000000,4058282-6,2825297,P,48.78232000,9.17702000,EUROPE,Germany,WCE
Zagreb,Zagreb,GPE,0.12500000,0.37500000,en,2.00000000,10159443-4,3186886,P,45.81444000,15.97798000,EUROPE,Croatia,WCE
Subarashi,Subarashi,GPE,0.00833333,1.41666667,en,2.00000000,,0,,,,,,
Gotetsu,Gotetsu,GPE,-0.33544304,1.33544304,en,1.97500000,,0,,,,,,
Kaldi,Kaldi,GPE,0.47340127,0.65996634,en,1.95897436,,6770408,P,35.26173000,43.67666000,ASIA,Iraq,WCA
Odaiba,Odaiba,GPE,-0.06481481,0.19444444,en,1.92857143,,10958442,L,35.63138000,139.77343000,ASIA,Japan,EAS
Tenya,Tenya,GPE,-0.01106719,0.14861660,en,1.91666667,,2302809,P,6.28718000,-0.17690000,AFRICA,Ghana,WAF
Shimokita,Shimokita,GPE,0.00000000,0.06540698,en,1.91111111,,2128134,A,41.27478000,141.33357000,ASIA,Japan,EAS
Yonezawa,Yonezawa,GPE,-0.12573099,1.08187135,en,1.90000000,4474160-1,2110498,P,37.91000000,140.11667000,ASIA,Japan,EAS
Hachinohe,Hachinohe,GPE,0.17543860,1.17324561,en,1.90000000,136152-1,2130203,P,40.50000000,141.50000000,ASIA,Japan,EAS
Goshogawara City,Goshogawara City,GPE,0.00000000,0.00000000,en,1.90000000,,0,,,,,,
Tsugaru City,Tsugaru City,GPE,0.00000000,0.00000000,en,1.90000000,,0,,,,,,
Sotogahama Town,Sotogahama Town,GPE,0.00000000,0.00000000,en,1.90000000,,0,,,,,,
Strength - Area,Strength - Area,LOC,0.00667863,0.34155702,en,1.90000000,,7182450,S,29.99689000,-90.05344000,NORTH-AMERICA,United States,CNA
Aomori Tsugaru,Aomori Tsugaru,LOC,0.05263158,0.15789474,en,1.90000000,,6822205,P,40.80357000,140.40299000,ASIA,Japan,EAS
Gorimy,Gorimy,GPE,0.23325359,0.38277512,en,1.90000000,,0,,,,,,
Nishimeya Village,Nishimeya Village,GPE,0.00000000,0.00000000,en,1.90000000,,0,,,,,,
Hirosaki City,Hirosaki City,GPE,0.00000000,0.00000000,en,1.90000000,,1862433,P,36.56667000,136.65000000,ASIA,Japan,EAS
Caracas,Caracas,GPE,0.08771930,0.13157895,en,1.90000000,4009457-1,3646738,P,10.48801000,-66.87919000,SOUTH-AMERICA,Venezuela,NSA
Forecast typhoon,Forecast typhoon,LOC,0.01461988,0.30555556,en,1.90000000,,0,,,,,,
Hollywood,Hollywood,GPE,0.19901316,0.50000000,en,1.90000000,4408912-0,4158928,P,26.01120000,-80.14949000,NORTH-AMERICA,United States,ENA
Mitsuya Cider,Mitsuya Cider,LOC,-0.22368421,0.75000000,en,1.90000000,,0,,,,,,
Northern Tohoku,Northern Tohoku,GPE,-0.11403509,0.65789474,en,1.90000000,,0,,,,,,
Typhoon Meisak,Typhoon Meisak,LOC,0.14473684,0.53421053,en,1.90000000,,0,,,,,,
Koshikishima,Koshikishima,GPE,0.00000000,0.00000000,en,1.90000000,,0,,,,,,
Yugama,Yugama,GPE,0.04385965,0.47368421,en,1.90000000,,0,,,,,,
Kume Island,Kume Island,LOC,-0.15879187,0.38322368,en,1.90000000,,1858392,T,26.35167000,126.77222000,ASIA,Japan,EAS
Chino City,Chino City,GPE,0.00000000,0.00000000,en,1.90000000,,7172851,A,33.98359000,-117.66531000,NORTH-AMERICA,United States,WNA
Shiba Inus,Shiba Inus,GPE,0.00000000,0.00000000,en,1.90000000,,0,,,,,,
Tamagawa,Tamagawa,GPE,-0.01993620,0.13157895,en,1.90000000,,12030598,L,35.54503000,139.73544000,ASIA,Japan,EAS
Ogawa Village,Ogawa Village,GPE,0.00000000,0.00000000,en,1.90000000,,0,,,,,,
Nagano City,Nagano City,GPE,0.00000000,0.00000000,en,1.90000000,,10317569,P,33.83474000,130.90907000,ASIA,Japan,EAS
Akasaka,Akasaka,GPE,0.10956938,0.28277512,en,1.90000000,,1865521,A,34.85000000,137.30000000,ASIA,Japan,EAS
Nara Prefecture,Nara Prefecture,GPE,0.06999642,0.17006803,en,1.90000000,4117774-5,1855612,P,34.68505000,135.80485000,ASIA,Japan,EAS
Tokyo Bay,Tokyo Bay,LOC,0.08740602,0.21553885,en,1.90000000,,6300412,S,35.55226000,139.77969000,ASIA,Japan,EAS
Guangxi,Guangxi,GPE,0.01315789,0.27105263,en,1.90000000,4213746-9,1799869,P,22.81667000,108.31667000,ASIA,China,EAS
Boston,Boston,GPE,0.03389155,0.38197767,en,1.90000000,4007840-1,4930956,P,42.35843000,-71.05977000,NORTH-AMERICA,United States,ENA
Hokkaido Pacific,Hokkaido Pacific,LOC,0.00000000,0.13157895,en,1.90000000,,11257417,L,43.51669000,142.44873000,ASIA,Japan,EAS
the Sanriku coast,the Sanriku coast,LOC,0.42105263,0.39473684,en,1.90000000,,0,,,,,,
Takeo City,Takeo City,GPE,0.01315789,0.13157895,en,1.90000000,,0,,,,,,
Kamisu City,Kamisu City,GPE,-0.06578947,0.39473684,en,1.90000000,,0,,,,,,
the Carolin Islands,the Carolin Islands,LOC,0.00757576,0.16885965,en,1.90000000,,4574637,T,32.52935000,-80.62483000,NORTH-AMERICA,United States,ENA
Akusekijima,Akusekijima,GPE,0.00000000,0.00000000,en,1.90000000,,1865395,T,29.46074000,129.60283000,ASIA,Japan,EAS
Mihama Town,Mihama Town,LOC,-0.02631579,0.21052632,en,1.90000000,,0,,,,,,
the Yangtze River,the Yangtze River,LOC,0.13925439,0.76644737,en,1.90000000,,0,,,,,,
Murakami,Murakami,GPE,0.17105263,0.43421053,en,1.90000000,,1856434,P,38.23333000,139.48333000,ASIA,Japan,EAS
the Chiba Jets,the Chiba Jets,LOC,-0.02192982,0.45614035,en,1.90000000,,0,,,,,,
Miyakejima,Miyakejima,LOC,0.18421053,0.38815789,en,1.90000000,,6300411,S,34.07361000,139.56028000,ASIA,Japan,EAS
Nikaido,Nikaido,GPE,0.14354067,0.47846890,en,1.90000000,,1855400,P,34.60000000,135.80000000,ASIA,Japan,EAS
Awaji Island,Awaji Island,LOC,-0.01315789,0.19736842,en,1.90000000,,1864898,T,34.38840000,134.82880000,ASIA,Japan,EAS
the east coast,the east coast,LOC,-0.03070175,0.21491228,en,1.90000000,,12212303,L,37.02332000,-77.36954000,NORTH-AMERICA,United States,ENA
Ota City,Ota City,GPE,-0.08771930,0.24561404,en,1.90000000,,8469289,P,35.56126000,139.71605000,ASIA,Japan,EAS
Kioxia,Kioxia,GPE,0.03947368,0.19298246,en,1.90000000,,0,,,,,,
Amami City,Amami City,GPE,0.04210526,0.17368421,en,1.90000000,,0,,,,,,
Nishikawa Town,Nishikawa Town,GPE,0.05263158,0.24561404,en,1.90000000,,0,,,,,,
Yahaba Town,Yahaba Town,GPE,0.00000000,0.00000000,en,1.90000000,,0,,,,,,
Yamagata City,Yamagata City,GPE,-0.10526316,0.26315789,en,1.90000000,,2110556,P,38.23333000,140.36667000,ASIA,Japan,EAS
M7.2,M7.2,LOC,0.15037594,0.28195489,en,1.90000000,,0,,,,,,
Topvalu,Topvalu,GPE,-0.47368421,0.63157895,en,1.90000000,,0,,,,,,
Kagoshima Prefecture's,Kagoshima Prefecture's,LOC,0.15789474,0.52631579,en,1.90000000,,1860922,T,31.71577000,129.69852000,ASIA,Japan,EAS
Kawaguchi,Kawaguchi,GPE,0.20050125,0.44611529,en,1.90000000,1050820-X,1859730,P,35.80521000,139.71072000,ASIA,Japan,EAS
Hyuga City,Hyuga City,GPE,0.15789474,0.27631579,en,1.90000000,,7563532,S,31.84150000,131.34436000,ASIA,Japan,EAS
Kurume City,Kurume City,GPE,0.26315789,0.26315789,en,1.90000000,,0,,,,,,
Sano City,Sano City,GPE,-0.02380952,0.32205514,en,1.90000000,,1852965,P,34.88333000,132.16667000,ASIA,Japan,EAS
Wakuya Town,Wakuya Town,GPE,0.00000000,0.00000000,en,1.90000000,,0,,,,,,
Midwest,Midwest,LOC,0.03358396,0.41102757,en,1.90000000,4074909-5,11887750,L,42.65982000,-93.93863000,NORTH-AMERICA,United States,CNA
Nara City,Nara City,GPE,-0.28947368,0.53508772,en,1.90000000,,1859951,P,34.50896000,135.79290000,ASIA,Japan,EAS
Monterrey,Monterrey,GPE,0.00000000,0.03684211,en,1.90000000,4115212-8,3995465,P,25.68435000,-100.31721000,CENTRAL-AMERICA,Mexico,NCA
Tome City,Tome City,GPE,0.00000000,0.00000000,en,1.90000000,4085276-3,3645528,P,8.35122000,-62.64102000,SOUTH-AMERICA,Venezuela,NSA
Nippon Budokan,Nippon Budokan,GPE,-0.06937799,0.44736842,en,1.90000000,,10903229,S,35.69344000,139.74981000,ASIA,Japan,EAS
Ishinomaki Minamihama,Ishinomaki Minamihama,GPE,0.02631579,0.40350877,en,1.90000000,,0,,,,,,
Ashikita Town,Ashikita Town,GPE,0.00000000,0.00000000,en,1.90000000,,0,,,,,,
Western Australia,Western Australia,LOC,-0.08771930,0.17543860,en,1.90000000,4232458-0,2063523,P,-31.95224000,115.86140000,OCEANIA,Australia,SAU
Chanmi,Chanmi,GPE,-0.68421053,0.73684211,en,1.90000000,,1839512,P,36.46131000,126.81988000,ASIA,South Korea,EAS
Moriya City,Moriya City,GPE,0.00000000,0.00000000,en,1.90000000,,0,,,,,,
Aburatsu,Aburatsu,GPE,-0.05263158,0.46783626,en,1.90000000,,2130741,P,44.02127000,144.26971000,ASIA,Japan,EAS
Muroto City,Muroto City,GPE,-0.05263158,0.46783626,en,1.90000000,,0,,,,,,
Sakihama,Sakihama,GPE,-0.05263158,0.46783626,en,1.90000000,,8204396,P,38.84008000,141.62362000,ASIA,Japan,EAS
Unzen City,Unzen City,GPE,0.00000000,0.00000000,en,1.90000000,,0,,,,,,
Hiwasa,Hiwasa,GPE,-0.05263158,0.46783626,en,1.90000000,,1862329,H,33.73333000,134.55000000,ASIA,Japan,EAS
Kadokawa Town,Kadokawa Town,GPE,0.00000000,0.00000000,en,1.90000000,,0,,,,,,
Chichibu,Chichibu,GPE,-0.21710526,0.29605263,en,1.90000000,4655260-1,1864637,P,35.99028000,139.07639000,ASIA,Japan,EAS
East,East,LOC,0.04161230,0.32814992,en,1.90000000,,12212303,L,37.02332000,-77.36954000,NORTH-AMERICA,United States,ENA
Ishinomaki,Ishinomaki,GPE,0.60526316,0.68421053,en,1.90000000,1182586821,2112576,P,38.41667000,141.30000000,ASIA,Japan,EAS
North and Central America,North and Central America,GPE,0.06578947,0.36184211,en,1.90000000,,0,,,,,,
the Tonga Islands,the Tonga Islands,LOC,0.12030075,0.38095238,en,1.90000000,,3375603,H,6.70366000,-58.71325000,SOUTH-AMERICA,Guyana,NSA
Kaga City,Kaga City,GPE,0.13157895,0.18421053,en,1.90000000,,6193963,P,33.27167000,126.37333000,ASIA,South Korea,EAS
Hiruobi,Hiruobi,LOC,0.00000000,0.52631579,en,1.90000000,,0,,,,,,
Fukaya City,Fukaya City,GPE,-0.17543860,0.30701754,en,1.90000000,,0,,,,,,
Higashitori Village,Higashitori Village,GPE,0.00000000,0.00000000,en,1.90000000,,0,,,,,,
the South China Sea,the South China Sea,LOC,0.00000000,0.42105263,en,1.90000000,,5226831,S,42.91639000,-97.38589000,NORTH-AMERICA,United States,CNA
Kamie,Kamie,GPE,-0.22697368,0.56578947,en,1.90000000,,0,,,,,,
Kushimoto Town,Kushimoto Town,GPE,0.17192982,0.61754386,en,1.90000000,,0,,,,,,
Pacific coasts,Pacific coasts,LOC,-0.04761905,0.64411028,en,1.90000000,,0,,,,,,
Motomiya City,Motomiya City,GPE,0.15789474,0.27631579,en,1.90000000,,9035648,A,37.51218000,140.39841000,ASIA,Japan,EAS
Sarufutsu Village,Sarufutsu Village,GPE,0.00000000,0.00000000,en,1.90000000,,0,,,,,,
Asia-Pacific,Asia-Pacific,LOC,0.23325359,0.65909091,en,1.90000000,4341196-4,12060433,L,-0.45299000,114.05160000,ASIA,Indonesia,SEA
the East Sea,the East Sea,LOC,0.00000000,0.14035088,en,1.90000000,,295347,H,31.55747000,35.49545000,EUROPE-AFRICA,Jordan,MED
Tokyo Tama,Tokyo Tama,GPE,0.00000000,0.08771930,en,1.90000000,,6822129,P,35.64360000,139.46844000,ASIA,Japan,EAS
D.C.,D.C.,GPE,-0.19078947,0.51096491,en,1.90000000,4007557-6,3688689,P,4.60971000,-74.08175000,SOUTH-AMERICA,Colombia,NWS
Kagamiishi Town,Kagamiishi Town,GPE,0.00000000,0.00000000,en,1.90000000,,0,,,,,,
Guam,Guam,GPE,-0.00488722,0.19285714,en,1.90000000,4094188-7,4043988,A,13.47861000,144.81834000,PACIFIC,Guam,NPO
the Nikaryo Waterway,the Nikaryo Waterway,LOC,0.03132832,0.18483709,en,1.90000000,,0,,,,,,
Guam Island,Guam Island,GPE,-0.00488722,0.19285714,en,1.90000000,,4043542,T,13.43103000,144.75311000,PACIFIC,Guam,NPO
Ymobile,Ymobile,GPE,0.21052632,0.21052632,en,1.90000000,,0,,,,,,
Nou,Nou,GPE,0.11232943,0.53630604,en,1.90000000,4242385-5,6252065,P,41.44163000,2.17727000,EUROPE-AFRICA,Spain,MED
Mobile,Mobile,GPE,-0.30043860,0.58114035,en,1.90000000,4232068-9,4076598,P,30.69436000,-88.04305000,NORTH-AMERICA,United States,ENA
Haneda,Haneda,GPE,0.00000000,0.00000000,en,1.90000000,,6300412,S,35.55226000,139.77969000,ASIA,Japan,EAS
Ashikaga,Ashikaga,GPE,-0.08771930,0.24561404,en,1.90000000,5110618-8,1865005,P,36.33333000,139.45000000,ASIA,Japan,EAS
Kitakyushu,Kitakyushu,GPE,0.00000000,0.57894737,en,1.90000000,4110289-7,1859307,P,33.85181000,130.85034000,ASIA,Japan,EAS
[Kumamoto City],[Kumamoto City],GPE,0.02631579,0.26315789,en,1.90000000,,11209896,P,32.77856000,130.74537000,ASIA,Japan,EAS
Nishi Ward,Nishi Ward,GPE,0.05263158,0.26315789,en,1.90000000,,1855255,A,35.18587000,136.88579000,ASIA,Japan,EAS
Cape Muroto,Cape Muroto,LOC,-0.04824561,0.27631579,en,1.90000000,,1856388,T,33.24465000,134.17571000,ASIA,Japan,EAS
Otawara City,Otawara City,GPE,0.00000000,0.00000000,en,1.90000000,,0,,,,,,
Minamishimabara City,Minamishimabara City,GPE,0.00000000,0.00000000,en,1.90000000,,0,,,,,,
Midori City,Midori City,GPE,0.07177033,0.29186603,en,1.90000000,,7354050,A,35.07804000,136.96987000,ASIA,Japan,EAS
Sakura City,Sakura City,GPE,0.13157895,0.39473684,en,1.90000000,,7227245,L,40.81306000,-73.96222000,NORTH-AMERICA,United States,ENA
Kuroshio Town,Kuroshio Town,GPE,0.22368421,0.47368421,en,1.90000000,,0,,,,,,
Nishio City,Nishio City,GPE,0.05263158,0.47368421,en,1.90000000,,0,,,,,,
Bordeaux,Bordeaux,GPE,0.18421053,0.65789474,en,1.90000000,4088072-2,3031582,P,44.84124000,-0.58046000,EUROPE-AFRICA,France,MED
the Ariake Sea,the Ariake Sea,LOC,-0.02631579,0.17105263,en,1.90000000,,0,,,,,,
Geoje,Geoje,GPE,0.00000000,0.03508772,en,1.90000000,,11101805,P,34.81379000,128.70556000,ASIA,South Korea,EAS
Hinagu,Hinagu,LOC,-0.07894737,0.21052632,en,1.90000000,,1862608,P,32.43530000,130.57536000,ASIA,Japan,EAS
The Sea,The Sea,LOC,-0.07017544,0.57017544,en,1.90000000,4051667-2,3448439,P,-23.54750000,-46.63611000,SOUTH-AMERICA,Brazil,SES
Iburi,Iburi,GPE,0.00000000,0.06578947,en,1.90000000,,2129966,A,42.66125000,141.46653000,ASIA,Japan,EAS
Fujieda City,Fujieda City,GPE,0.00000000,0.00000000,en,1.90000000,,0,,,,,,
the northern Sea,the northern Sea,LOC,0.00000000,0.31578947,en,1.90000000,,3831796,T,-52.00465000,-61.09548000,SOUTH-AMERICA,Falkland Islands,SSA
Mount Everest,Mount Everest,LOC,-0.19298246,0.47368421,en,1.90000000,4040417-1,1283416,T,27.98791000,86.92529000,ASIA,China,TIB
Mifune Town,Mifune Town,GPE,0.18421053,0.28947368,en,1.90000000,,0,,,,,,
Towada City,Towada City,GPE,0.00000000,0.00000000,en,1.90000000,,0,,,,,,
Funabashi City,Funabashi City,GPE,0.00438596,0.15204678,en,1.90000000,,0,,,,,,
Iwate Prefecture's,Iwate Prefecture's,LOC,0.00000000,0.00000000,en,1.90000000,,2112225,T,39.50000000,141.16667000,ASIA,Japan,EAS
Kagamimachi,Kagamimachi,GPE,0.02960526,0.22697368,en,1.90000000,,1860856,P,32.57037000,130.66762000,ASIA,Japan,EAS
Maniwa City,Maniwa City,GPE,0.18421053,0.28947368,en,1.90000000,,0,,,,,,
Sony Kumamoto,Sony Kumamoto,GPE,0.01973684,0.19078947,en,1.90000000,,11172666,S,32.89157000,130.83942000,ASIA,Japan,EAS
Niimi City,Niimi City,GPE,0.18421053,0.28947368,en,1.90000000,,0,,,,,,
Kushiro City,Kushiro City,GPE,0.00000000,0.00000000,en,1.90000000,,7562192,S,34.94956000,132.13918000,ASIA,Japan,EAS
Kagoshima city,Kagoshima city,GPE,0.00313283,0.45363409,en,1.90000000,,12574194,S,33.63868000,130.42770000,ASIA,Japan,EAS
Kitanomaru Park,Kitanomaru Park,GPE,-0.03508772,0.10526316,en,1.90000000,,10964893,L,35.69165000,139.75150000,ASIA,Japan,EAS
Malaysia,Malaysia,GPE,0.00000000,0.39473684,en,1.90000000,4037203-0,1733045,A,2.50000000,112.50000000,ASIA,Malaysia,SEA
Kami-Amakusa City,Kami-Amakusa City,GPE,0.00000000,0.00000000,en,1.90000000,,0,,,,,,
Ashikita,Ashikita,GPE,0.08421053,0.32807018,en,1.90000000,1281457345,7412705,A,32.28998000,130.52863000,ASIA,Japan,EAS
Kosa Town,Kosa Town,GPE,0.18421053,0.28947368,en,1.90000000,,3277887,P,45.06389000,15.70917000,EUROPE,Croatia,WCE
Chikugo,Chikugo,GPE,-0.02870813,0.28149920,en,1.90000000,144543-1,1864592,H,33.14063000,130.35586000,ASIA,Japan,EAS
Tibet,Tibet,GPE,0.11483254,0.31259968,en,1.90000000,4111286-6,1280737,P,29.65000000,91.10000000,ASIA,China,TIB
Western Europe,Western Europe,LOC,0.00000000,0.00000000,en,1.90000000,,0,,,,,,
Yamada Town,Yamada Town,GPE,0.00637959,0.12360447,en,1.90000000,,0,,,,,,
Oita City,Oita City,GPE,0.22697368,0.42543860,en,1.90000000,,1854487,P,33.23333000,131.60000000,ASIA,Japan,EAS
Kikai Caldera,Kikai Caldera,LOC,0.41455913,0.82672591,en,1.90000000,,0,,,,,,
Ofunato,Ofunato,GPE,0.00000000,0.00000000,en,1.90000000,,2111530,P,39.07167000,141.71667000,ASIA,Japan,EAS
Sado City,Sado City,GPE,-0.01096491,0.39254386,en,1.90000000,,1949440,P,35.10471000,128.75986000,ASIA,South Korea,EAS
Noto,Noto,LOC,0.00000000,0.00000000,en,1.90000000,4117928-6,1854947,T,37.11667000,137.00000000,ASIA,Japan,EAS
Kuji,Kuji,GPE,0.00000000,0.19078947,en,1.90000000,,1842388,T,37.63722000,125.68139000,ASIA,South Korea,EAS
the Midway Islands,the Midway Islands,LOC,0.10526316,0.42105263,en,1.90000000,,5854941,L,28.22800000,-177.38900000,PACIFIC,U.S. Outlying Islands,NPO
Kitakami City,Kitakami City,GPE,0.00000000,0.00000000,en,1.90000000,,11822280,P,37.81054000,139.11991000,ASIA,Japan,EAS
Tohoku Pacific,Tohoku Pacific,LOC,0.22807018,0.38596491,en,1.90000000,,2110769,L,39.00000000,141.00000000,ASIA,Japan,EAS
Kagoshima City,Kagoshima City,GPE,0.00000000,0.00000000,en,1.90000000,4308810-7,12574194,S,33.63868000,130.42770000,ASIA,Japan,EAS
Alps,Alps,GPE,0.21052632,0.36842105,en,1.90000000,,0,,,,,,
Gansu Province,Gansu Province,GPE,-0.05263158,0.57894737,en,1.90000000,4097624-5,1810676,A,37.75000000,102.75000000,ASIA,China,ECA
Minami Daito Island,Minami Daito Island,GPE,0.27192982,0.58771930,en,1.90000000,,1857193,T,25.84027000,131.23975000,ASIA,Japan,EAS
Urakawa,Urakawa,GPE,0.00000000,0.00000000,en,1.90000000,,2127586,P,42.15556000,142.78361000,ASIA,Japan,EAS
Kagawa Prefecture,Kagawa Prefecture,GPE,-0.41150442,0.67256637,en,1.88333333,,1851100,P,34.33333000,134.05000000,ASIA,Japan,EAS
jersey,jersey,GPE,0.33653846,0.53846154,en,1.85714286,4028585-6,3042142,A,49.21667000,-2.11667000,EUROPE,Jersey,WCE
Croatia,Croatia,GPE,-0.21538462,0.48461538,en,1.85714286,4073841-3,3202326,A,45.16667000,15.50000000,EUROPE,Croatia,WCE
Rwanda,Rwanda,GPE,0.26025641,0.78076923,en,1.85714286,4076910-0,49518,A,-2.00000000,30.00000000,AFRICA,Rwanda,SEAF
Kawasaki City's,Kawasaki City's,GPE,1.05089820,1.52694611,en,1.85555556,,8030311,S,35.57475000,139.66062000,ASIA,Japan,EAS
Niigata Prefecture,Niigata Prefecture,GPE,-0.28543689,0.54822006,en,1.83928571,4208484-2,1855431,P,37.92259000,139.04125000,ASIA,Japan,EAS
Nonoichi City,Nonoichi City,GPE,0.09696970,0.19393939,en,1.83333333,,0,,,,,,
Marunouchi,Marunouchi,GPE,0.31636364,0.60545455,en,1.83333333,,1857654,P,35.68146000,139.76328000,ASIA,Japan,EAS
Shimashoka,Shimashoka,GPE,0.00000000,0.00000000,en,1.82857143,,0,,,,,,
QA,QA,GPE,0.06862745,0.09150327,en,1.82142857,,0,,,,,,
Kumamon,Kumamon,GPE,0.18189442,2.06395657,en,1.81538462,,0,,,,,,
Mukawa Town,Mukawa Town,GPE,0.00000000,0.00000000,en,1.80000000,,0,,,,,,
the Chishima Trench,the Chishima Trench,LOC,0.11111111,0.53369342,en,1.80000000,,0,,,,,,
Lindt,Lindt,GPE,0.15740741,0.22839506,en,1.80000000,4753973-2,2752732,P,51.82750000,4.57361000,EUROPE,The Netherlands,WCE
Atsuma Town,Atsuma Town,GPE,0.00000000,0.00000000,en,1.80000000,,0,,,,,,
​​the Kanto region,​​the Kanto region,LOC,-0.15740741,0.55555556,en,1.80000000,,0,,,,,,
Atlanta,Atlanta,GPE,0.09259259,0.20370370,en,1.80000000,4086063-2,4180439,P,33.74900000,-84.38798000,NORTH-AMERICA,United States,ENA
Alabama,Alabama,GPE,-0.04629630,0.12037037,en,1.80000000,4084839-5,12217076,L,34.60739000,-86.97977000,NORTH-AMERICA,United States,ENA
Fukushima Prefecture's,Fukushima Prefecture's,LOC,0.27777778,0.37037037,en,1.80000000,,2111721,H,36.95896000,140.95183000,ASIA,Japan,EAS
Toyooka,Toyooka,GPE,0.37500000,0.86882716,en,1.80000000,,1849831,P,35.54008000,134.82038000,ASIA,Japan,EAS
Saudi Arabia's,Saudi Arabia's,GPE,-0.00462963,0.50925926,en,1.80000000,,110336,P,26.43442000,50.10326000,ASIA,Saudi Arabia,ARP
a Disaster Archipelago'',a Disaster Archipelago'',LOC,0.00000000,0.00000000,en,1.76190476,,0,,,,,,
Tokoname City,Tokoname City,GPE,-0.06385135,0.33344595,en,1.76190476,,0,,,,,,
San Francisco,San Francisco,GPE,-0.06645570,0.06645570,en,1.75555556,4344631-0,3600949,P,14.08180000,-87.20681000,CENTRAL-AMERICA,Honduras,SCA
Heike,Heike,LOC,0.32099185,1.48765851,en,1.75238095,,1862922,T,33.27587000,131.25366000,ASIA,Japan,EAS
Toyohashi City,Toyohashi City,GPE,0.06926407,0.55238095,en,1.75000000,4211394-5,1849846,P,34.76667000,137.38333000,ASIA,Japan,EAS
Chiyoda Ward,Chiyoda Ward,GPE,0.10158730,0.49523810,en,1.75000000,,11791566,P,35.15571000,136.91317000,ASIA,Japan,EAS
Oman,Oman,GPE,-0.02385378,0.61065675,en,1.74675325,4075653-1,286963,A,21.00000000,57.00000000,ASIA,Oman,ARP
HuffPost Japan,HuffPost Japan,GPE,1.29098361,1.36270492,en,1.74285714,,0,,,,,,
Tehran,Tehran,GPE,-0.05982456,0.41201754,en,1.72727273,4059304-6,112931,P,35.69439000,51.42151000,ASIA,Iran,WCA
Shinjuku,Shinjuku,GPE,0.14009662,0.65217391,en,1.72500000,4353744-3,1852083,A,35.69384000,139.70355000,ASIA,Japan,EAS
New York's,New York's,GPE,0.21212121,0.48021886,en,1.71428571,,5107464,P,40.77205000,-73.93014000,NORTH-AMERICA,United States,ENA
Tanaka,Tanaka,GPE,0.49049720,2.51311702,en,1.70000000,,1850698,A,35.90000000,139.95000000,ASIA,Japan,EAS
Imaizumi,Imaizumi,GPE,-0.36601307,0.67973856,en,1.70000000,,2129932,P,41.02970000,140.42299000,ASIA,Japan,EAS
Pasco,Pasco,GPE,0.29430863,0.58747135,en,1.70000000,,3932834,A,-10.50000000,-75.25000000,SOUTH-AMERICA,Peru,NWS
Strait,Strait,LOC,-0.17859922,0.37373541,en,1.67973856,,0,,,,,,
Venus,Venus,LOC,0.56000000,0.67333333,en,1.66666667,,11351558,A,13.91558000,-61.01676000,CENTRAL-AMERICA,Saint Lucia,CAR
Jupiter,Jupiter,LOC,0.56000000,0.67333333,en,1.66666667,,4160610,P,26.93422000,-80.09421000,NORTH-AMERICA,United States,ENA
West Tokyo,West Tokyo,GPE,0.06000000,0.18000000,en,1.66666667,,7303661,R,35.77629000,139.87887000,ASIA,Japan,EAS
the Persian Gulf,the Persian Gulf,LOC,-0.19000000,0.40000000,en,1.66666667,,0,,,,,,
Osomatsu-san,Osomatsu-san,GPE,0.15000000,0.66000000,en,1.66666667,,0,,,,,,
Lebanon,Lebanon,GPE,-0.02500000,0.04500000,en,1.66666667,4035567-6,272103,A,33.83333000,35.83333000,EUROPE-AFRICA,Lebanon,MED
Aoyama,Aoyama,GPE,0.35080021,0.85609189,en,1.65555556,,1865229,A,34.60000000,136.21667000,ASIA,Japan,EAS
Takatsu Ward,Takatsu Ward,GPE,0.06601732,0.37662338,en,1.65000000,,0,,,,,,
the United States',the United States',GPE,-0.14267569,0.45797483,en,1.63865546,,0,,,,,,
Hyogo,Hyogo,GPE,0.17285835,0.86530958,en,1.63750000,4195257-1,1859171,P,34.69130000,135.18300000,ASIA,Japan,EAS
Hikawa,Hikawa,GPE,0.29893868,0.60298742,en,1.63076923,,7392546,A,35.39338000,132.84286000,ASIA,Japan,EAS
U20,U20,LOC,-0.00559441,0.58989899,en,1.62500000,,12748398,P,24.13011000,54.35019000,ASIA,United Arab Emirates,ARP
Yanmar HD,Yanmar HD,GPE,0.46503497,0.58601399,en,1.62500000,,0,,,,,,
the Arctic Circle,the Arctic Circle,LOC,0.10256410,0.10256410,en,1.62500000,,5859426,P,65.48333000,-144.63417000,NORTH-AMERICA,United States,NWN
Vienna,Vienna,GPE,0.58888889,0.83418803,en,1.62500000,4066009-6,2761369,P,48.20849000,16.37208000,EUROPE,Austria,WCE
Kaidan,Kaidan,GPE,0.00000000,0.00000000,en,1.61904762,,128355,P,32.19424000,48.90372000,ASIA,Iran,WCA
Nishifu,Nishifu,GPE,-0.08275862,0.18620690,en,1.61111111,,7551901,S,35.67094000,139.45739000,ASIA,Japan,EAS
Sapporo city,Sapporo city,GPE,-0.25426136,0.84517045,en,1.60000000,,0,,,,,,
Tinian Island,Tinian Island,LOC,0.00000000,0.00000000,en,1.60000000,,4041647,T,15.01756000,145.62731000,PACIFIC,Northern Mariana Islands,NPO
Minoh City,Minoh City,GPE,0.20625000,0.37708333,en,1.60000000,,1857046,P,34.82691000,135.47057000,ASIA,Japan,EAS
Seattle,Seattle,GPE,0.12074830,0.26955782,en,1.60000000,,5809844,P,47.60621000,-122.33207000,NORTH-AMERICA,United States,WNA
Morocco,Morocco,GPE,0.15312500,0.61562500,en,1.60000000,4037680-1,2542007,A,28.50000000,-10.00000000,AFRICA,Morocco,SAH
Utoro,Utoro,GPE,0.02604167,0.15625000,en,1.60000000,,11752974,H,44.07521000,144.98604000,ASIA,Japan,EAS
Obihiro,Obihiro,GPE,0.51328125,0.97890625,en,1.60000000,4644317-4,6300321,S,42.73333000,143.21667000,ASIA,Japan,EAS
Shanghai,Shanghai,GPE,0.10416667,0.65625000,en,1.60000000,4052066-3,1796236,P,31.22222000,121.45806000,ASIA,China,EAS
the Nemuro Peninsula,the Nemuro Peninsula,LOC,-0.27137177,0.40705765,en,1.59682540,,0,,,,,,
Latvia,Latvia,GPE,0.24631579,0.41052632,en,1.58333333,4074187-4,458258,A,57.00000000,25.00000000,EUROPE,Latvia,WCE
Hino City,Hino City,GPE,0.00000000,0.00000000,en,1.57500000,,0,,,,,,
Helsinki,Helsinki,GPE,0.31818182,0.73181818,en,1.57142857,4024351-5,658225,P,60.16952000,24.93545000,EUROPE,Finland,NEU
Northern Europe,Northern Europe,LOC,0.09863636,0.32772727,en,1.57142857,,0,,,,,,
Tsunashima Kaido,Tsunashima Kaido,LOC,0.46859504,0.86198347,en,1.57142857,,0,,,,,,
Otsu City,Otsu City,GPE,0.03181818,0.31818182,en,1.57142857,,0,,,,,,
Greece,Greece,GPE,0.38181818,0.44545455,en,1.57142857,4022047-3,390903,A,39.00000000,22.00000000,EUROPE-AFRICA,Greece,MED
Ginza Chuo-dori,Ginza Chuo-dori,GPE,-0.13787879,0.63636364,en,1.57142857,,0,,,,,,
Nagakute City,Nagakute City,GPE,-0.03979401,0.11938202,en,1.57058824,,0,,,,,,
Noborito,Noborito,GPE,0.17678571,0.48214286,en,1.55555556,,8576625,P,35.62203000,139.56051000,ASIA,Japan,EAS
Todoroki Ryokuchi,Todoroki Ryokuchi,GPE,0.21395833,0.42340278,en,1.53846154,,10862373,L,35.58656000,139.65047000,ASIA,Japan,EAS
Murodo,Murodo,GPE,0.00000000,0.00000000,en,1.53846154,,7558011,S,36.57736000,137.59550000,ASIA,Japan,EAS
Lake Biwa,Lake Biwa,LOC,0.16666667,0.93333333,en,1.50000000,4217165-9,1864705,H,35.25000000,136.08333000,ASIA,Japan,EAS
Okhotsk,Okhotsk,GPE,-0.09500000,0.27000000,en,1.50000000,7568473-1,2122605,X,59.36435900,143.29194000,ASIA,Russia,RFE
Botanical Garden,Botanical Garden,LOC,0.00000000,0.00000000,en,1.50000000,,8741141,L,41.68359000,44.79984000,ASIA,Georgia,WCA
Portland,Portland,GPE,0.20808081,0.65841751,en,1.50000000,4226095-4,5746545,P,45.52345000,-122.67621000,NORTH-AMERICA,United States,WNA
Susaki City,Susaki City,GPE,0.36363636,0.98989899,en,1.50000000,,1864055,P,35.66980000,139.81456000,ASIA,Japan,EAS
Nao Minami,Nao Minami,GPE,0.13333333,0.30000000,en,1.50000000,,0,,,,,,
Serbia,Serbia,GPE,0.11904762,0.46507937,en,1.50000000,4054598-2,6290252,A,44.81892000,20.45998000,EUROPE-AFRICA,Serbia,MED
Tanzawa,Tanzawa,GPE,-0.08333333,0.50000000,en,1.50000000,,1850625,L,35.46667000,139.13333000,ASIA,Japan,EAS
Hayama Town,Hayama Town,GPE,-0.08888889,0.66666667,en,1.50000000,,0,,,,,,
Toriya-cho,Toriya-cho,GPE,-0.11111111,0.28888889,en,1.50000000,,2110723,P,38.40945000,140.93378000,ASIA,Japan,EAS
Hachinohe city,Hachinohe city,GPE,0.07666667,0.25666667,en,1.50000000,,10339757,S,40.50727000,141.48790000,ASIA,Japan,EAS
Tsukuba City,Tsukuba City,GPE,-0.00833333,0.34166667,en,1.50000000,,0,,,,,,
Tozaki,Tozaki,GPE,0.00000000,0.00000000,en,1.50000000,,8516254,P,40.81336000,140.80971000,ASIA,Japan,EAS
Kimitsu City,Kimitsu City,GPE,0.00000000,0.00000000,en,1.50000000,,0,,,,,,
"Kisarazu City, Chiba Prefecture","Kisarazu City, Chiba Prefecture",GPE,0.18888889,0.40740741,en,1.50000000,,0,,,,,,
Ujina,Ujina,GPE,0.04545455,0.18484848,en,1.50000000,,11184321,P,28.04426000,77.08270000,ASIA,India,SAS
St. Pauli,St. Pauli,GPE,-0.39166667,0.48888889,en,1.50000000,4118227-3,5045360,P,44.94441000,-93.09327000,NORTH-AMERICA,United States,CNA
Sannohe Town,Sannohe Town,GPE,0.00000000,0.00000000,en,1.50000000,,0,,,,,,
Yonezawa City,Yonezawa City,GPE,-0.06666667,0.46666667,en,1.50000000,,0,,,,,,
Fuchu,Fuchu,LOC,0.00000000,0.00000000,en,1.50000000,,1864149,A,34.78333000,136.15000000,ASIA,Japan,EAS
Ethiopia,Ethiopia,GPE,0.18267420,0.71939736,en,1.47500000,4000639-6,337996,A,9.00000000,39.50000000,AFRICA,Ethiopia,NEAF
Santa Claus,Santa Claus,GPE,0.10227273,0.30681818,en,1.46666667,,4264457,P,38.12005000,-86.91416000,NORTH-AMERICA,United States,ENA
Koenji,Koenji,GPE,0.60454545,1.11136364,en,1.46666667,,7552298,S,35.70533000,139.64972000,ASIA,Japan,EAS
Noda City,Noda City,GPE,0.02739448,0.16375812,en,1.46666667,,1855076,S,34.68894000,135.47493000,ASIA,Japan,EAS
Takaomi,Takaomi,GPE,-0.39428571,0.78666667,en,1.45833333,,0,,,,,,
Izumo,Izumo,GPE,0.06875000,0.43541667,en,1.45454545,4027825-6,1861084,P,35.36667000,132.76667000,ASIA,Japan,EAS
Yamanashi Prefecture'',Yamanashi Prefecture'',GPE,0.61383929,1.11227679,en,1.45454545,,1859100,P,35.66667000,138.56667000,ASIA,Japan,EAS
Ukyo Ward,Ukyo Ward,GPE,0.13793103,0.37931034,en,1.45000000,,0,,,,,,
Shimoodanaka,Shimoodanaka,GPE,1.23057692,1.61826923,en,1.44444444,,0,,,,,,
Hakui City,Hakui City,GPE,0.09791209,0.21527473,en,1.44444444,,0,,,,,,
Matsumoto,Matsumoto,GPE,0.36866667,1.07800000,en,1.42857143,4252405-2,1857519,P,36.23333000,137.96667000,ASIA,Japan,EAS
Nishinoshima,Nishinoshima,GPE,0.00000000,0.00000000,en,1.42857143,1050827945,1855196,A,36.09999000,133.01302000,ASIA,Japan,EAS
Shinjuku Ward,Shinjuku Ward,GPE,0.00000000,0.00000000,en,1.42857143,,0,,,,,,
Motosumiyoshi,Motosumiyoshi,GPE,0.31500000,0.73500000,en,1.42857143,,7552182,S,35.56571000,139.65472000,ASIA,Japan,EAS
the Shonai sea,the Shonai sea,LOC,0.14875000,0.51430556,en,1.42857143,,0,,,,,,
the Kuril Islands,the Kuril Islands,LOC,0.00000000,0.37333333,en,1.42857143,,0,,,,,,
BINDing,BINDing,GPE,0.29931818,0.51939394,en,1.42857143,,8837508,H,-26.78929000,115.72670000,OCEANIA,Australia,CAU
Roppongi,Roppongi,GPE,0.03261364,0.21954545,en,1.42857143,,7522490,P,35.66322000,139.73219000,ASIA,Japan,EAS
Nemuro City,Nemuro City,GPE,0.00000000,0.00000000,en,1.42222222,,0,,,,,,
Abashiri City,Abashiri City,GPE,0.00000000,0.00000000,en,1.41666667,,0,,,,,,
Bosnia,Bosnia,GPE,0.03423611,0.87006944,en,1.41176471,4088119-2,3277605,A,44.25000000,17.83333000,EUROPE-AFRICA,Bosnia and Herzegovina,MED
Herzegovina,Herzegovina,GPE,0.03423611,0.87006944,en,1.41176471,4088119-2,3277605,A,44.25000000,17.83333000,EUROPE-AFRICA,Bosnia and Herzegovina,MED
Bosnia and Herzegovina,Bosnia and Herzegovina,GPE,0.15760417,0.64694444,en,1.41176471,4088119-2,3277605,A,44.25000000,17.83333000,EUROPE-AFRICA,Bosnia and Herzegovina,MED
Shinjo,Shinjo,GPE,0.06547619,0.67261905,en,1.40000000,4672421-7,2111061,A,38.78819000,140.33989000,ASIA,Japan,EAS
Cuba,Cuba,GPE,0.14117063,1.56299603,en,1.40000000,4033340-1,3562981,A,22.00000000,-79.50000000,CENTRAL-AMERICA,Cuba,CAR
Rikka,Rikka,GPE,0.00000000,0.00000000,en,1.40000000,,0,,,,,,
Mongolia,Mongolia,GPE,0.21768707,0.38605442,en,1.40000000,4040056-6,2029969,A,46.00000000,105.00000000,ASIA,Mongolia,ESB
Unane,Unane,GPE,0.15561224,0.70918367,en,1.40000000,,10866819,P,35.62170000,139.60366000,ASIA,Japan,EAS
Toulouse,Toulouse,GPE,0.17857143,0.41071429,en,1.40000000,4060518-8,2972315,P,43.60426000,1.44367000,EUROPE-AFRICA,France,MED
Meiji Seika,Meiji Seika,LOC,-0.15273268,0.86241883,en,1.40000000,,10410842,S,35.30019000,139.15169000,ASIA,Japan,EAS
Shimonoseki City,Shimonoseki City,GPE,-0.15545635,0.59712302,en,1.40000000,4249593-3,1856625,P,33.95590000,130.96561000,ASIA,Japan,EAS
Americas,Americas,LOC,-0.08035714,0.16964286,en,1.40000000,,0,,,,,,
Rokunohe Town,Rokunohe Town,GPE,0.00000000,0.00000000,en,1.40000000,,0,,,,,,
Akabeko,Akabeko,GPE,0.57142857,0.53571429,en,1.40000000,,0,,,,,,
Yamba Dam,Yamba Dam,LOC,0.00000000,0.00000000,en,1.37500000,,8190562,S,-21.83330000,134.01669000,OCEANIA,Australia,CAU
Sumaura Park,Sumaura Park,LOC,0.00000000,0.00000000,en,1.37500000,,0,,,,,,
Yoshikawa,Yoshikawa,GPE,0.00000000,0.00000000,en,1.37500000,,1848187,A,37.21667000,138.43333000,ASIA,Japan,EAS
Hailey,Hailey,GPE,0.36363636,0.43636364,en,1.37500000,,12213564,L,43.42680000,-114.21882000,NORTH-AMERICA,United States,WNA
Moscow,Moscow,GPE,0.01833333,0.37976190,en,1.36363636,4074987-3,524901,P,55.75204000,37.61781000,EUROPE,Russia,WCE
Okinoerabu Island,Okinoerabu Island,GPE,0.00000000,0.45131579,en,1.35714286,,1854341,T,27.38391000,128.61062000,ASIA,Japan,EAS
Donetsk,Donetsk,GPE,0.30797101,0.43115942,en,1.35294118,,709717,P,48.02300000,37.80224000,EUROPE,Ukraine,WCE
Santa,Santa,GPE,0.00000000,0.00000000,en,1.33333333,,3904906,P,-17.78629000,-63.18117000,SOUTH-AMERICA,Bolivia,SAM
Minas Gerais,Minas Gerais,GPE,-0.28750000,0.52187500,en,1.33333333,4039398-7,3457153,A,-18.00000000,-44.00000000,SOUTH-AMERICA,Brazil,NES
Tanba City,Tanba City,GPE,-0.09375000,0.77500000,en,1.33333333,,0,,,,,,
Yabuki Town,Yabuki Town,GPE,0.36529018,0.59732143,en,1.33333333,,0,,,,,,
Istanbul,Istanbul,GPE,0.00000000,0.00000000,en,1.33333333,4088772-8,745044,P,41.01384000,28.94966000,EUROPE-AFRICA,Turkey,MED
Matsuyamachi,Matsuyamachi,GPE,0.23437500,1.44375000,en,1.33333333,,7560311,S,34.67547000,135.51234000,ASIA,Japan,EAS
the Asia-Pacific region,the Asia-Pacific region,LOC,-0.12500000,0.37500000,en,1.33333333,,1860102,L,36.25000000,139.50000000,ASIA,Japan,EAS
Zoltrak,Zoltrak,GPE,-0.10000000,0.45000000,en,1.33333333,,0,,,,,,
Adachi Ward,Adachi Ward,GPE,0.45000000,0.67500000,en,1.33333333,,0,,,,,,
hama,hama,GPE,0.08571429,0.27857143,en,1.33333333,4089137-9,170017,P,35.13179000,36.75783000,EUROPE-AFRICA,Syria,MED
Kamogawa City,Kamogawa City,GPE,0.42500000,1.10000000,en,1.33333333,,0,,,,,,
Chiba Jets,Chiba Jets,GPE,-0.33750000,0.84375000,en,1.33333333,,0,,,,,,
Koshin,Koshin,GPE,-0.15000000,0.37500000,en,1.33333333,,11559139,P,42.57331000,143.28987000,ASIA,Japan,EAS
Toyama City,Toyama City,GPE,0.10625000,1.09375000,en,1.33333333,,1849876,P,36.70000000,137.21667000,ASIA,Japan,EAS
Nikkei,Nikkei,GPE,0.22500000,0.75000000,en,1.33333333,,7714674,S,47.59629000,-122.32615000,NORTH-AMERICA,United States,WNA
Cybozu,Cybozu,LOC,0.00000000,0.00000000,en,1.33333333,,0,,,,,,
Miyagi Prefecture,Miyagi Prefecture,LOC,-0.60000000,0.75000000,en,1.33333333,4118584-5,2111149,P,38.26667000,140.86667000,ASIA,Japan,EAS
Armenia,Armenia,GPE,0.54466667,0.73466667,en,1.31578947,4085931-9,174982,A,40.25000000,45.00000000,ASIA,Armenia,WCA
the Kanto coast,the Kanto coast,LOC,-0.10175439,0.48333333,en,1.31034483,,0,,,,,,
Lotteria,Lotteria,GPE,0.05244755,0.17482517,en,1.30000000,,0,,,,,,
Koremasa,Koremasa,GPE,0.03846154,0.58717949,en,1.30000000,,7551959,S,35.65619000,139.48864000,ASIA,Japan,EAS
R6 Tama River,R6 Tama River,LOC,0.03846154,0.58717949,en,1.30000000,,0,,,,,,
Setsu,Setsu,GPE,0.70192308,1.33210059,en,1.30000000,,1855655,T,31.48333000,130.51667000,ASIA,Japan,EAS
Nakau,Nakau,GPE,0.01398601,0.25174825,en,1.30000000,,1634569,T,1.58159000,128.69863000,ASIA,Indonesia,SEA
Kamaishi,Kamaishi,GPE,0.00000000,0.00000000,en,1.30000000,,2112444,P,39.27694000,141.86801000,ASIA,Japan,EAS
Cape Verde,Cape Verde,LOC,0.02564103,0.73931624,en,1.30000000,4029617-9,3374766,A,16.00000000,-24.00000000,ATLANTIC,Cabo Verde,NAO
Belk,Belk,GPE,0.28846154,0.57692308,en,1.30000000,,3103696,P,50.13048000,18.71667000,EUROPE,Poland,WCE
Azusa,Azusa,GPE,-0.53846154,0.92307692,en,1.30000000,,5325423,P,34.13362000,-117.90756000,NORTH-AMERICA,United States,WNA
Narita,Narita,GPE,0.06060606,0.34731935,en,1.30000000,4265233-9,6300307,S,35.76472000,140.38639000,ASIA,Japan,EAS
Minato Ward,Minato Ward,GPE,0.15454545,1.08181818,en,1.29411765,,0,,,,,,
Hidakaya,Hidakaya,GPE,0.19444444,1.24444444,en,1.28571429,,0,,,,,,
Kitaakita City,Kitaakita City,GPE,0.32569444,1.12291667,en,1.28571429,,0,,,,,,
P75-L1,P75-L1,GPE,0.00000000,0.00000000,en,1.28571429,,0,,,,,,
the United Arab Emirates,the United Arab Emirates,GPE,-0.20416667,0.58009259,en,1.28571429,,8469718,T,25.22231000,55.17181000,ASIA,United Arab Emirates,ARP
Yakumo,Yakumo,GPE,0.16527778,0.25801282,en,1.28571429,,2127478,P,42.25389000,140.26917000,ASIA,Japan,EAS
Yao City,Yao City,GPE,0.38888889,0.77777778,en,1.28571429,16038039-X,1671522,L,24.07390000,120.51560000,ASIA,Taiwan,EAS
Mall Kumamoto,Mall Kumamoto,GPE,-0.23333333,0.03888889,en,1.28571429,,0,,,,,,
Central Kalimantan,Central Kalimantan,LOC,-0.04320988,0.55092593,en,1.28571429,4272443-0,1641898,A,-2.00000000,113.50000000,ASIA,Indonesia,SEA
Negaimasu,Negaimasu,GPE,0.00000000,0.00000000,en,1.28571429,,0,,,,,,
the Kyushu Shinkansen,the Kyushu Shinkansen,LOC,-0.58510638,1.36524823,en,1.28181818,,0,,,,,,
Taipei,Taipei,GPE,0.17763158,1.16228070,en,1.26666667,4078134-3,1668341,P,25.05306000,121.52639000,ASIA,Taiwan,EAS
Niiza City,Niiza City,GPE,-0.31578947,0.63157895,en,1.26666667,,0,,,,,,
Honmachi,Honmachi,GPE,-0.03947368,0.43421053,en,1.26666667,,1848445,P,32.50439000,130.59952000,ASIA,Japan,EAS
Kochi City,Kochi City,GPE,-0.01315789,0.51315789,en,1.26666667,,7405898,A,33.08159000,132.85216000,ASIA,Japan,EAS
The Kumamoto Earthquake,The Kumamoto Earthquake,LOC,0.30000000,0.70000000,en,1.25000000,,0,,,,,,
Genoa,Genoa,GPE,0.04000000,0.32000000,en,1.25000000,4020185-5,3176219,P,44.40478000,8.94439000,EUROPE-AFRICA,Italy,MED
the Arctic Ocean,the Arctic Ocean,LOC,-0.11333333,0.76666667,en,1.25000000,,0,,,,,,
Tokuryu,Tokuryu,GPE,-0.41000000,1.06000000,en,1.25000000,,0,,,,,,
Moriyama City,Moriyama City,GPE,0.38000000,0.96000000,en,1.25000000,,7354052,A,35.22123000,136.99559000,ASIA,Japan,EAS
Namekawa City,Namekawa City,GPE,-0.12300000,0.61300000,en,1.25000000,,0,,,,,,
Valley,Valley,LOC,-0.10856061,0.66090909,en,1.25000000,,3573374,P,18.21704000,-63.05783000,CENTRAL-AMERICA,Anguilla,CAR
Buffalo,Buffalo,GPE,-0.15563636,0.85721212,en,1.25000000,4080569-4,5110629,P,42.88645000,-78.87837000,NORTH-AMERICA,United States,ENA
Nenrinya,Nenrinya,GPE,0.00000000,0.00000000,en,1.23529412,,0,,,,,,
Gyokuyo,Gyokuyo,GPE,0.00000000,0.61363636,en,1.22222222,,10978537,S,35.91366000,139.87231000,ASIA,Japan,EAS
Honjuku,Honjuku,GPE,-0.09971591,0.19943182,en,1.22222222,,8572460,P,35.96652000,139.68973000,ASIA,Japan,EAS
Ginza,Ginza,GPE,0.57638889,1.18055556,en,1.20000000,,1863623,P,35.67184000,139.76717000,ASIA,Japan,EAS
Kamaishi City,Kamaishi City,GPE,0.00000000,0.00000000,en,1.20000000,,0,,,,,,
Omuta City,Omuta City,GPE,0.08674242,0.84886364,en,1.20000000,,0,,,,,,
Beirut,Beirut,GPE,0.00000000,0.41666667,en,1.20000000,4005348-9,276781,P,33.89332000,35.50157000,EUROPE-AFRICA,Lebanon,MED
Agano City,Agano City,GPE,-0.04687500,0.11284722,en,1.20000000,,4044012,P,13.47567000,144.74886000,PACIFIC,Guam,NPO
Illinois,Illinois,GPE,0.20833333,0.33333333,en,1.20000000,4109206-5,4896861,A,40.00032000,-89.25037000,NORTH-AMERICA,United States,ENA
Nantes,Nantes,GPE,0.00000000,0.00000000,en,1.20000000,4041204-0,2990969,P,47.21725000,-1.55336000,EUROPE,France,WCE
the Notsuke Peninsula,the Notsuke Peninsula,LOC,0.09722222,0.36111111,en,1.20000000,,0,,,,,,
Neapolitan,Neapolitan,GPE,-0.37500000,1.20833333,en,1.20000000,,7289803,L,40.70355000,14.30695000,EUROPE-AFRICA,Italy,MED
Arctic,Arctic,LOC,-0.28472222,0.71527778,en,1.20000000,,0,,,,,,
Izu City,Izu City,GPE,0.00000000,0.00000000,en,1.20000000,,4384872,S,38.62894000,-90.17872000,NORTH-AMERICA,United States,CNA
Soviet Union,Soviet Union,GPE,-0.15277778,0.47222222,en,1.20000000,4077548-3,8354411,X,60.00000000,98.00000000,ASIA,Russia,ESB
The Kanmon Strait Fireworks Festival,The Kanmon Strait Fireworks Festival,LOC,-0.16666667,0.77777778,en,1.20000000,,0,,,,,,
Everest,Everest,LOC,-0.02083333,0.50793651,en,1.20000000,,1283416,T,27.98791000,86.92529000,ASIA,China,TIB
Siberia,Siberia,LOC,-0.08333333,0.29166667,en,1.20000000,4286755-1,11961345,L,55.01565000,82.96276000,ASIA,Russia,WSB
Fuji,Fuji,LOC,0.25000000,0.40277778,en,1.20000000,4017063-9,2205218,A,-18.00000000,178.00000000,PACIFIC,Fiji,SPO
Kagoshima Chuo,Kagoshima Chuo,LOC,-0.52884615,1.16346154,en,1.18181818,,1850664,P,31.51667000,130.51667000,ASIA,Japan,EAS
Edogawa Ward,Edogawa Ward,GPE,0.88846154,0.84615385,en,1.18181818,,0,,,,,,
Kido,Kido,GPE,0.60000000,0.51428571,en,1.16666667,,2700972,T,56.16667000,15.40000000,EUROPE,Sweden,NEU
JR West,JR West,GPE,0.30833333,1.05595238,en,1.16666667,,4669558,S,31.57788000,-94.70668000,NORTH-AMERICA,United States,CNA
Shimonumabe,Shimonumabe,GPE,0.21298701,0.69090909,en,1.16666667,,1852217,P,35.57425000,139.66947000,ASIA,Japan,EAS
Aoyagi,Aoyagi,GPE,0.00000000,0.00000000,en,1.16666667,,11138967,P,35.49908000,140.06535000,ASIA,Japan,EAS
Kunitachi City,Kunitachi City,GPE,-0.08571429,0.47142857,en,1.16666667,,0,,,,,,
Chofu City,Chofu City,GPE,0.00000000,0.00000000,en,1.16666667,,0,,,,,,
Kiryu,Kiryu,GPE,0.30000000,0.47142857,en,1.16666667,10032371-6,1859405,P,36.40000000,139.33333000,ASIA,Japan,EAS
Sagamihara City,Sagamihara City,GPE,0.23571429,0.36428571,en,1.16666667,,0,,,,,,
the Kamogawa River,the Kamogawa River,LOC,0.00000000,0.00000000,en,1.14285714,,0,,,,,,
Harajuku,Harajuku,GPE,0.10937500,0.14583333,en,1.14285714,4353750-9,11058946,L,35.37910000,139.51793000,ASIA,Japan,EAS
Itami City,Itami City,GPE,0.04375000,0.43750000,en,1.14285714,,0,,,,,,
Sanriku Offshore Earthquake,Sanriku Offshore Earthquake,LOC,0.31354167,1.03663194,en,1.14285714,,0,,,,,,
Natsumi,Natsumi,GPE,0.16041667,0.54322917,en,1.14285714,,11241241,P,32.63162000,130.93205000,ASIA,Japan,EAS
Izu Oshima Volcano,Izu Oshima Volcano,LOC,0.48888889,0.98888889,en,1.12500000,,0,,,,,,
Amakusa City,Amakusa City,GPE,0.00000000,0.00000000,en,1.12500000,,0,,,,,,
Minamisoma City,Minamisoma City,GPE,0.02798354,0.43127572,en,1.12500000,,0,,,,,,
Itoshima,Itoshima,LOC,0.00000000,0.00000000,en,1.11111111,,1861272,A,33.50419000,130.14198000,ASIA,Japan,EAS
Brompton,Brompton,GPE,0.00000000,0.00000000,en,1.11111111,1266902511,6002138,H,45.42948000,-72.14844000,NORTH-AMERICA,Canada,ENA
Tomiya City,Tomiya City,GPE,-0.11363636,0.34090909,en,1.10000000,,0,,,,,,
Isahaya City,Isahaya City,GPE,0.00000000,0.00000000,en,1.10000000,,0,,,,,,
Kamimashiki District,Kamimashiki District,LOC,0.19480519,0.38961039,en,1.10000000,,0,,,,,,
Takahama,Takahama,GPE,0.26446281,0.84848485,en,1.10000000,1263706800,1851146,A,37.45000000,138.61667000,ASIA,Japan,EAS
Shibushi City,Shibushi City,GPE,0.22727273,0.22727273,en,1.10000000,,0,,,,,,
Yuki,Yuki,GPE,0.30303030,0.45454545,en,1.10000000,,1848096,P,36.30000000,139.88333000,ASIA,Japan,EAS
Yamahashi,Yamahashi,GPE,0.00000000,0.90909091,en,1.10000000,,0,,,,,,
Yasuko,Yasuko,GPE,-0.01818182,0.34545455,en,1.10000000,,0,,,,,,
Kentucky,Kentucky,GPE,0.00000000,0.00000000,en,1.10000000,4097823-0,6254925,A,38.20042000,-84.87762000,NORTH-AMERICA,United States,ENA
Somon Island,Somon Island,LOC,0.22727273,0.22727273,en,1.10000000,,0,,,,,,
Futaba,Futaba,GPE,0.47727273,0.49242424,en,1.10000000,,1863777,A,35.68333000,138.50000000,ASIA,Japan,EAS
Yashiro City,Yashiro City,GPE,0.02424242,0.56363636,en,1.10000000,,0,,,,,,
Haven,Haven,GPE,-0.09090909,0.36363636,en,1.10000000,4117854-3,4839366,P,41.30815000,-72.92816000,NORTH-AMERICA,United States,ENA
Okubo,Okubo,GPE,0.24242424,0.30303030,en,1.10000000,,1862755,P,35.70307000,139.70436000,ASIA,Japan,EAS
Singapore,Singapore,GPE,0.48051948,0.76623377,en,1.10000000,4055089-8,1880252,P,1.28967000,103.85007000,ASIA,Singapore,SEA
Mos Burger,Mos Burger,GPE,-0.54545455,0.86363636,en,1.10000000,,0,,,,,,
Yaeyama,Yaeyama,GPE,0.19696970,0.95454545,en,1.10000000,,1848816,A,24.33504000,123.76062000,ASIA,Japan,EAS
Nipah,Nipah,GPE,0.54545455,1.36363636,en,1.10000000,,12475324,A,-1.09250000,104.19222000,ASIA,Indonesia,SEA
Handa City,Handa City,GPE,-0.18181818,0.54545455,en,1.10000000,,1863209,P,34.88333000,136.93333000,ASIA,Japan,EAS
Chicago,Chicago,GPE,0.11363636,0.18181818,en,1.10000000,4009921-0,4887398,P,41.85003000,-87.65005000,NORTH-AMERICA,United States,ENA
Nichinan Town,Nichinan Town,GPE,0.00000000,0.00000000,en,1.10000000,,0,,,,,,
Cafe Veloce,Cafe Veloce,GPE,0.12396694,0.41322314,en,1.10000000,,0,,,,,,
Excelsior Cafe,Excelsior Cafe,GPE,0.12396694,0.41322314,en,1.10000000,,0,,,,,,
the Far East,the Far East,LOC,0.11707989,0.91551882,en,1.10000000,,5116917,P,40.60538000,-73.75513000,NORTH-AMERICA,United States,ENA
Hama,Hama,GPE,-0.18181818,0.13636364,en,1.10000000,4089137-9,170017,P,35.13179000,36.75783000,EUROPE-AFRICA,Syria,MED
Koide,Koide,GPE,0.27272727,0.82954545,en,1.10000000,,2112175,T,38.37895000,141.42156000,ASIA,Japan,EAS
Sutematsu,Sutematsu,GPE,0.00000000,0.00000000,en,1.10000000,,0,,,,,,
Suchmos,Suchmos,LOC,0.09400826,0.71870217,en,1.10000000,,0,,,,,,
Shinagawa-ku,Shinagawa-ku,GPE,0.11707989,0.39026630,en,1.10000000,,1852140,A,35.60902000,139.73017000,ASIA,Japan,EAS
Onnella,Onnella,GPE,-0.27946128,0.92592593,en,1.10000000,,0,,,,,,
North Korea,North Korea,GPE,0.60000000,0.94545455,en,1.10000000,4075468-6,1873107,A,40.00000000,127.00000000,ASIA,North Korea,EAS
Z.ai,Z.ai,GPE,0.00303030,0.87575758,en,1.10000000,,8583108,A,20.72614000,-97.81882000,CENTRAL-AMERICA,Mexico,NCA
Shikagaya,Shikagaya,GPE,0.21212121,0.38636364,en,1.10000000,,0,,,,,,
Villager Priscilla,Villager Priscilla,GPE,0.89669421,1.32231405,en,1.10000000,,0,,,,,,
Yonaguni Island,Yonaguni Island,LOC,0.00000000,0.00000000,en,1.10000000,,1848275,T,24.45543000,122.99069000,ASIA,Japan,EAS
Takarajimasha,Takarajimasha,GPE,0.00000000,0.00000000,en,1.10000000,,0,,,,,,
the Japan Trench,the Japan Trench,LOC,0.58874459,1.12337662,en,1.10000000,,0,,,,,,
Urumqi,Urumqi,GPE,0.32575758,1.14393939,en,1.10000000,4215400-5,1529102,P,43.80096000,87.60046000,ASIA,China,ECA
Totten Glacier,Totten Glacier,LOC,0.00000000,0.00000000,en,1.10000000,,6626883,H,-66.83333000,116.33333000,POLAR,Antarctica,EAN
Asakura City,Asakura City,GPE,0.02727273,0.70000000,en,1.10000000,,0,,,,,,
Umigatari,Umigatari,GPE,0.15000000,0.75000000,en,1.00000000,,0,,,,,,
Heilongjiang River,Heilongjiang River,LOC,0.00000000,0.50000000,en,1.00000000,,2035605,H,48.33583000,124.53472000,ASIA,China,ESB
Ryode,Ryode,GPE,0.02812500,0.21562500,en,1.00000000,,11191353,P,32.55559000,130.63512000,ASIA,Japan,EAS
Noriyori,Noriyori,GPE,0.06250000,0.50000000,en,1.00000000,,0,,,,,,
Tsukkomi,Tsukkomi,GPE,0.26190476,0.63988095,en,1.00000000,,0,,,,,,
the Oita River,the Oita River,LOC,0.00000000,0.00000000,en,1.00000000,,0,,,,,,
Loin,Loin,GPE,0.60000000,0.90000000,en,1.00000000,,6030245,H,47.77306000,-72.26639000,NORTH-AMERICA,Canada,ENA
Hunan province,Hunan province,GPE,0.00000000,0.00000000,en,1.00000000,,1806691,A,27.66667000,111.75000000,ASIA,China,EAS
Kagamichomachi,Kagamichomachi,GPE,0.02812500,0.21562500,en,1.00000000,,0,,,,,,
Changsha,Changsha,GPE,0.00000000,0.00000000,en,1.00000000,4009742-0,1815577,P,28.19874000,112.97087000,ASIA,China,EAS
Higashiyama Ward,Higashiyama Ward,GPE,0.40000000,0.37500000,en,1.00000000,,0,,,,,,
North-northwest,North-northwest,LOC,0.02727273,0.27500000,en,1.00000000,,9881905,L,45.99696000,-118.49854000,NORTH-AMERICA,United States,WNA
Male Uto City,Male Uto City,GPE,0.02812500,0.21562500,en,1.00000000,,0,,,,,,
Tokushima/Hiwasa,Tokushima/Hiwasa,GPE,0.25000000,0.30000000,en,1.00000000,,1862330,P,33.73255000,134.53743000,ASIA,Japan,EAS
Ryotaro Shiba's,Ryotaro Shiba's,GPE,0.02500000,0.27500000,en,1.00000000,,0,,,,,,
Ryoide,Ryoide,GPE,0.02812500,0.21562500,en,1.00000000,,0,,,,,,
Tamba,Tamba,GPE,0.00000000,0.00000000,en,1.00000000,,1850715,A,35.65000000,135.06667000,ASIA,Japan,EAS
payoku,payoku,GPE,0.00000000,0.50000000,en,1.00000000,,0,,,,,,
Uchida,Uchida,GPE,0.02812500,0.21562500,en,1.00000000,,11335420,P,32.99907000,130.59429000,ASIA,Japan,EAS
Jiangsu Province,Jiangsu Province,GPE,0.10000000,0.10000000,en,1.00000000,4075203-3,1799962,P,32.06167000,118.77778000,ASIA,China,EAS
Mount Asama,Mount Asama,LOC,-0.13333333,0.60000000,en,1.00000000,,1865040,T,36.40643000,138.52005000,ASIA,Japan,EAS
The Oita River,The Oita River,LOC,-0.12142857,0.83214286,en,1.00000000,,0,,,,,,
Yaeyama region,Yaeyama region,LOC,0.30000000,0.44166667,en,1.00000000,,0,,,,,,
Cybertruck,Cybertruck,GPE,-0.40000000,0.70000000,en,1.00000000,,0,,,,,,
Nishikai-senpai,Nishikai-senpai,GPE,0.00000000,0.00000000,en,1.00000000,,0,,,,,,
Omi,Omi,GPE,0.05000000,0.14444444,en,1.00000000,,1854149,A,36.96667000,137.73333000,ASIA,Japan,EAS
Gachinko,Gachinko,GPE,0.26190476,0.63988095,en,1.00000000,,0,,,,,,
the Tokai Sea,the Tokai Sea,LOC,0.12500000,0.42500000,en,1.00000000,,0,,,,,,
Hadano Park,Hadano Park,GPE,0.25416667,0.66666667,en,1.00000000,,10413134,L,35.40470000,139.17077000,ASIA,Japan,EAS
Borderland,Borderland,LOC,0.00000000,0.00000000,en,1.00000000,,0,,,,,,
Shinonome-senpai,Shinonome-senpai,GPE,0.00000000,0.00000000,en,1.00000000,,0,,,,,,
Ala.,Ala.,GPE,-0.04166667,0.15000000,en,1.00000000,,285839,P,29.07694000,48.08389000,ASIA,Kuwait,ARP
Haruki Murakami's,Haruki Murakami's,GPE,0.37500000,0.75000000,en,1.00000000,,0,,,,,,
Male Kumamoto City,Male Kumamoto City,GPE,0.02812500,0.21562500,en,1.00000000,,0,,,,,,
Shimabara City,Shimabara City,GPE,-0.05000000,0.20000000,en,1.00000000,,0,,,,,,
Yasutomi,Yasutomi,GPE,0.00000000,0.00000000,en,1.00000000,,7572918,S,35.04490000,134.61266000,ASIA,Japan,EAS
Iceland,Iceland,GPE,0.00000000,0.00000000,en,1.00000000,4027754-9,2629691,A,65.00000000,-18.00000000,POLAR,Iceland,GIC
Wake Island,Wake Island,LOC,0.10000000,0.35000000,en,1.00000000,4401852-6,4041685,A,19.28012000,166.64828000,PACIFIC,United States Minor Outlying Islands,NPO
the Central Japan Sea Earthquake,the Central Japan Sea Earthquake,LOC,0.15000000,0.57500000,en,1.00000000,,0,,,,,,
Uki City RKK,Uki City RKK,GPE,0.02812500,0.21562500,en,1.00000000,,0,,,,,,
the Ibo River,the Ibo River,LOC,0.00000000,0.00000000,en,1.00000000,,3376920,H,3.35000000,-59.80000000,SOUTH-AMERICA,Guyana,NSA
Takamatsu City [Kumamoto's,Takamatsu City [Kumamoto's,GPE,0.00000000,0.00000000,en,1.00000000,,0,,,,,,
Yonguri dead,Yonguri dead,GPE,-0.20000000,0.40000000,en,1.00000000,,0,,,,,,
Parliamentary,Parliamentary,GPE,0.05000000,0.60000000,en,1.00000000,,11612406,S,50.45145000,30.52919000,EUROPE,Ukraine,WCE
the Musashino Plateau,the Musashino Plateau,LOC,0.08500000,0.51333333,en,1.00000000,,0,,,,,,
Kitaakita City - Confirming,Kitaakita City - Confirming,GPE,0.30000000,0.90000000,en,1.00000000,,0,,,,,,
the southern ocean,the southern ocean,LOC,0.00000000,0.00000000,en,1.00000000,,5378771,P,33.19587000,-117.37948000,CENTRAL-AMERICA,United States,NCA
Daitojima region,Daitojima region,LOC,0.00000000,0.00000000,en,1.00000000,,0,,,,,,
Kagoshima Prefecture Yakushima,Kagoshima Prefecture Yakushima,LOC,0.35000000,0.55000000,en,1.00000000,,6300344,S,30.38557000,130.65902000,ASIA,Japan,EAS
Fukuoka - Kagoshima,Fukuoka - Kagoshima,GPE,0.18511905,0.53452381,en,1.00000000,,10181499,P,31.49911000,130.90313000,ASIA,Japan,EAS
[Saga City] Complete,[Saga City] Complete,GPE,0.10000000,0.40000000,en,1.00000000,,0,,,,,,
Nekohita,Nekohita,GPE,0.13636364,0.45454545,en,1.00000000,,0,,,,,,
Takamatsu City,Takamatsu City,GPE,0.00000000,0.00000000,en,1.00000000,,10317688,P,33.84853000,130.92438000,ASIA,Japan,EAS
El Nino,El Nino,GPE,-0.14722222,0.22500000,en,1.00000000,,12513655,L,-0.90231000,-89.52853000,PACIFIC,Ecuador,EPO
Kagoshima Prefecture Kikai Airport,Kagoshima Prefecture Kikai Airport,LOC,0.35000000,0.55000000,en,1.00000000,,6300362,S,28.32134000,129.92810000,ASIA,Japan,EAS
Tachikawa,Tachikawa,GPE,0.04659091,0.31363636,en,1.00000000,507997-4,2110936,A,38.70000000,140.00000000,ASIA,Japan,EAS
Zushi City,Zushi City,GPE,0.12500000,0.42500000,en,1.00000000,,0,,,,,,
the Songhua River,the Songhua River,LOC,0.00000000,0.50000000,en,1.00000000,,0,,,,,,
the Rechenault Estuary,the Rechenault Estuary,LOC,-0.20000000,0.40000000,en,1.00000000,,0,,,,,,
NakaU,NakaU,GPE,-0.60000000,1.00000000,en,1.00000000,,1634569,T,1.58159000,128.69863000,ASIA,Indonesia,SEA
the southern sea,the southern sea,LOC,0.00000000,0.00000000,en,1.00000000,1046007-X,295629,P,31.79213000,34.64966000,EUROPE-AFRICA,Israel,MED
Hitoyoshi City,Hitoyoshi City,GPE,-0.02666667,0.49166667,en,1.00000000,,0,,,,,,
Colombin,Colombin,GPE,0.04375000,0.91250000,en,1.00000000,,2981033,P,47.00930000,-1.58377000,EUROPE,France,WCE
Sata,Sata,GPE,-0.20000000,0.50000000,en,1.00000000,,1852871,A,31.05000000,130.75000000,ASIA,Japan,EAS
the Tanegashima/Yakushima,the Tanegashima/Yakushima,LOC,-0.00833333,0.22500000,en,1.00000000,,0,,,,,,
Suchmos × IO's,Suchmos × IO's,GPE,0.13636364,0.50000000,en,1.00000000,,0,,,,,,
Southboro,Southboro,GPE,0.05000000,0.55000000,en,1.00000000,,4951591,P,42.30565000,-71.52451000,NORTH-AMERICA,United States,ENA
Massachusetts,Massachusetts,GPE,0.00000000,0.00000000,en,1.00000000,4037858-5,6254926,A,42.36565000,-71.10832000,NORTH-AMERICA,United States,ENA
Wyndham,Wyndham,GPE,0.00000000,0.00000000,en,1.00000000,,4794814,P,37.69848000,-77.61249000,NORTH-AMERICA,United States,ENA
Santa Rosa Island,Santa Rosa Island,GPE,0.00000000,0.00000000,en,1.00000000,,5393320,T,33.95000000,-120.10096000,NORTH-AMERICA,United States,WNA
West Full,West Full,GPE,0.17500000,0.27500000,en,1.00000000,,5027573,H,46.03515000,-93.23059000,NORTH-AMERICA,United States,CNA
Wadomari Town,Wadomari Town,LOC,0.00000000,0.00000000,en,1.00000000,,1848988,P,27.38333000,128.65000000,ASIA,Japan,EAS
Sanriku-oki Earthquake,Sanriku-oki Earthquake,GPE,0.75000000,0.95000000,en,1.00000000,,0,,,,,,
Canary Islands,Canary Islands,LOC,0.00000000,0.00000000,en,1.00000000,1085483-6,2520308,T,28.00000000,-15.50000000,AFRICA,Spain,SAH
Tenerife,Tenerife,GPE,0.00000000,0.00000000,en,1.00000000,4277900-5,2511174,P,28.46824000,-16.25462000,AFRICA,Spain,SAH
Andes,Andes,LOC,0.25333333,0.48000000,en,1.00000000,,0,,,,,,
the Ogasawara Islands,the Ogasawara Islands,LOC,-0.10000000,0.50000000,en,1.00000000,,0,,,,,,
JR East's,JR East's,GPE,-0.01093750,0.40625000,en,1.00000000,,11206021,T,25.28474000,51.00444000,ASIA,Qatar,ARP
Niseko,Niseko,GPE,-0.07692308,0.22051282,en,1.00000000,5094200-1,2128934,L,42.81667000,140.66667000,ASIA,Japan,EAS
Kyodo,Kyodo,GPE,0.00000000,0.00000000,en,1.00000000,,1841637,T,37.78778000,126.27168000,ASIA,South Korea,EAS
Flores Island,Flores Island,LOC,0.10000000,0.40000000,en,1.00000000,,9062332,T,-8.62354000,121.12899000,ASIA,Indonesia,SEA
Wolverhampton,Wolverhampton,GPE,0.00000000,0.53333333,en,1.00000000,4119167-5,2633691,P,52.58547000,-2.12296000,EUROPE,United Kingdom,NEU
East Nusa,East Nusa,GPE,0.10000000,0.40000000,en,1.00000000,,1623843,T,-8.83333000,126.00000000,ASIA,Timor Leste,SEA
Vesta,Vesta,LOC,0.00000000,0.00000000,en,1.00000000,1070296457,3571224,P,26.68711000,-78.97702000,NORTH-AMERICA,Bahamas,ENA
Chiba J's,Chiba J's,GPE,0.11250000,0.46250000,en,1.00000000,,0,,,,,,
New Chitose,New Chitose,GPE,0.12878788,0.38167388,en,1.00000000,,6300322,S,42.77520000,141.69228000,ASIA,Japan,EAS
Geoje City,Geoje City,GPE,-0.20000000,0.50000000,en,1.00000000,,0,,,,,,
Tainai City,Tainai City,GPE,0.00000000,0.00000000,en,1.00000000,,0,,,,,,
Yatsushiro City's,Yatsushiro City's,GPE,0.06818182,0.22727273,en,1.00000000,,0,,,,,,
Kanto - Tokyo,Kanto - Tokyo,GPE,-0.60000000,1.00000000,en,1.00000000,4078337-6,1850147,P,35.68950000,139.69171000,ASIA,Japan,EAS
Bando,Bando,GPE,0.35000000,0.65000000,en,1.00000000,4706828-0,1864810,A,34.15000000,134.50000000,ASIA,Japan,EAS
Nereid,Nereid,GPE,0.00000000,0.00000000,en,1.00000000,,8211882,H,-43.12000000,146.24000000,OCEANIA,Australia,SAU
Chiba Prefecture - Fatal,Chiba Prefecture - Fatal,LOC,0.10000000,0.60000000,en,1.00000000,,0,,,,,,
Yachiyo City,Yachiyo City,GPE,-0.10000000,0.10000000,en,1.00000000,,11822271,P,37.91416000,139.05426000,ASIA,Japan,EAS
Kitakyushu City,Kitakyushu City,GPE,-0.10000000,0.46666667,en,1.00000000,,1859307,P,33.85181000,130.85034000,ASIA,Japan,EAS
Honjo-cho,Honjo-cho,GPE,0.00000000,0.03333333,en,1.00000000,,1862199,P,35.25000000,135.40000000,ASIA,Japan,EAS
the Boso Peninsula,the Boso Peninsula,LOC,0.00000000,0.00000000,en,1.00000000,,0,,,,,,
Sinantrope,Sinantrope,GPE,-0.11111111,0.20833333,en,1.00000000,,0,,,,,,
Nambu,Nambu,GPE,0.03333333,0.36666667,en,1.00000000,4679374-4,6697808,A,36.16726000,27.90603000,EUROPE-AFRICA,Greece,MED
Hirakata City,Hirakata City,GPE,0.12424242,0.40303030,en,1.00000000,,0,,,,,,
Kashiwa City,Kashiwa City,GPE,-0.10000000,0.10000000,en,1.00000000,,0,,,,,,
"3-chome, Dorimachi","3-chome, Dorimachi",GPE,0.00000000,0.30000000,en,1.00000000,,0,,,,,,
Kenya,Kenya,GPE,-0.05000000,0.45000000,en,1.00000000,4030236-2,192950,A,1.00000000,38.00000000,AFRICA,Kenya,SEAF
Atami-cho,Atami-cho,GPE,-0.01333333,0.21333333,en,1.00000000,,10367244,T,35.12024000,139.03976000,ASIA,Japan,EAS
Matsubase,Matsubase,GPE,0.05000000,0.45833333,en,1.00000000,,1857560,P,32.65000000,130.66667000,ASIA,Japan,EAS
Aso Nakadake,Aso Nakadake,LOC,-0.12500000,0.60000000,en,1.00000000,,0,,,,,,
Tyrol,Tyrol,GPE,0.00000000,0.00000000,en,1.00000000,4060207-2,2763587,L,47.00000000,11.50000000,EUROPE,Italy,WCE
Tyrol Rock's,Tyrol Rock's,GPE,0.00000000,0.00000000,en,1.00000000,,0,,,,,,
Tyrol Rocky,Tyrol Rocky,GPE,0.00000000,0.00000000,en,1.00000000,,0,,,,,,
Tirol Rocky,Tirol Rocky,GPE,0.00000000,0.00000000,en,1.00000000,,0,,,,,,
South Gyeongsang Province,South Gyeongsang Province,GPE,0.00000000,0.00000000,en,1.00000000,,1846326,P,35.22806000,128.68111000,ASIA,South Korea,EAS
Niigata Prefecture's,Niigata Prefecture's,GPE,0.00000000,0.00000000,en,1.00000000,,1864258,T,37.75000000,139.00000000,ASIA,Japan,EAS
Senbero,Senbero,GPE,0.00000000,0.00000000,en,1.00000000,,0,,,,,,
"[Yokohama City]
","[Yokohama City]
",GPE,0.50000000,0.50000000,en,1.00000000,,9888419,P,33.58608000,130.26155000,ASIA,Japan,EAS
Rd.4 Fuji,Rd.4 Fuji,LOC,0.33333333,0.23333333,en,1.00000000,,8436359,R,8.92403000,79.99447000,ASIA,Sri Lanka,SAS
Asahiyama Zoo,Asahiyama Zoo,LOC,0.30000000,0.50000000,en,1.00000000,,8658893,S,43.76861000,142.47890000,ASIA,Japan,EAS
Muroran,Muroran,GPE,0.00000000,0.00000000,en,1.00000000,4831499-7,2129101,P,42.31722000,140.98806000,ASIA,Japan,EAS
Tadotsu Town,Tadotsu Town,GPE,-0.90000000,1.00000000,en,1.00000000,,0,,,,,,
the Atlantic Ocean,the Atlantic Ocean,LOC,-0.30000000,0.40000000,en,1.00000000,,4504476,P,39.95373000,-74.19792000,NORTH-AMERICA,United States,ENA
Construction Mashiko,Construction Mashiko,GPE,0.40000000,0.95000000,en,1.00000000,,0,,,,,,
Gassanzawa,Gassanzawa,GPE,0.10000000,0.40000000,en,1.00000000,,0,,,,,,
-23 m/s,-23 m/s,LOC,0.04090909,0.35357143,en,1.00000000,,2960792,S,49.81459000,6.08776000,EUROPE,Luxembourg,WCE
-15 m/s,-15 m/s,LOC,0.04090909,0.35357143,en,1.00000000,,3803746,T,10.19164000,-66.66334000,SOUTH-AMERICA,Venezuela,NSA
Kamikawa,Kamikawa,GPE,-0.05166667,0.46166667,en,1.00000000,,2130038,T,43.43197000,142.93467000,ASIA,Japan,EAS
Scandinavia,Scandinavia,LOC,-0.00809524,0.55809524,en,1.00000000,,0,,,,,,
Yamazaki,Yamazaki,GPE,0.20000000,0.20000000,en,1.00000000,,8462029,P,41.19397000,140.50813000,ASIA,Japan,EAS
Sumafest,Sumafest,GPE,0.00000000,0.00000000,en,1.00000000,,0,,,,,,
Arai,Arai,LOC,-0.20000000,0.20000000,en,1.00000000,,1865206,A,34.68333000,137.56667000,ASIA,Japan,EAS
Rishiri/Rebun,Rishiri/Rebun,GPE,-0.06666667,0.26666667,en,1.00000000,,0,,,,,,
the Okhotsk Sea,the Okhotsk Sea,LOC,-0.35000000,0.70000000,en,1.00000000,,0,,,,,,
LAB.,LAB.,GPE,0.20119048,0.44523810,en,1.00000000,,790374,L,43.06639000,21.08389000,EUROPE-AFRICA,Kosovo,MED
West Slow central,West Slow central,LOC,0.01439394,0.32083333,en,1.00000000,,4131389,T,35.92786000,-93.68241000,NORTH-AMERICA,United States,CNA
Oshi,Oshi,GPE,0.05238095,0.32380952,en,1.00000000,4204803-5,1527534,P,40.52828000,72.79850000,ASIA,Kyrgyzstan,WCA
Kisei,Kisei,GPE,0.05238095,0.32380952,en,1.00000000,,12053205,S,35.66320000,139.74119000,ASIA,Japan,EAS
"Dermaline, South Korea's","Dermaline, South Korea's",GPE,0.13636364,0.45454545,en,1.00000000,,0,,,,,,
Yokohama city,Yokohama city,GPE,0.31250000,0.33333333,en,1.00000000,,9888419,P,33.58608000,130.26155000,ASIA,Japan,EAS
Arctic Ocean Scientific Observation,Arctic Ocean Scientific Observation,LOC,0.00000000,0.00000000,en,1.00000000,,0,,,,,,
​​eastern,​​eastern,GPE,-0.05000000,0.70000000,en,1.00000000,,0,,,,,,
"Application, Region","Application, Region",GPE,0.00000000,0.00000000,en,1.00000000,,8493030,S,43.83635000,-88.83239000,NORTH-AMERICA,United States,ENA
the Mushroom Kingdom,the Mushroom Kingdom,GPE,0.00000000,0.00000000,en,1.00000000,,0,,,,,,
◆ Chikusei City,◆ Chikusei City,GPE,0.30000000,0.52500000,en,1.00000000,,0,,,,,,
Kasumigaseki,Kasumigaseki,GPE,-0.31250000,0.68750000,en,1.00000000,,1859879,P,35.67133000,139.74674000,ASIA,Japan,EAS
Arctic Ocean,Arctic Ocean,LOC,0.03333333,0.26666667,en,1.00000000,,0,H,85.00000000,0.00000000,,,
Kisou,Kisou,GPE,0.05238095,0.32380952,en,1.00000000,,191255,L,-2.09568000,38.26666000,AFRICA,Kenya,SEAF
Kotakarajima,Kotakarajima,GPE,0.00000000,0.00000000,en,1.00000000,,0,,,,,,
Kuiper,Kuiper,LOC,-0.20833333,0.44166667,en,1.00000000,,6636428,T,-71.43821000,-68.43581000,POLAR,Antarctica,WAN
Moriyama (Okinawa Prefecture,Moriyama (Okinawa Prefecture,LOC,0.35000000,0.55000000,en,1.00000000,,0,,,,,,
Corpus Christi,Corpus Christi,GPE,0.45000000,0.85000000,en,1.00000000,4308433-3,4683416,P,27.80058000,-97.39638000,CENTRAL-AMERICA,United States,NCA
the Colorado River's,the Colorado River's,LOC,0.45000000,0.85000000,en,1.00000000,,5577641,T,40.62219000,-108.92845000,NORTH-AMERICA,United States,WNA
Starry,Starry,LOC,0.07828283,0.28686869,en,1.00000000,,487902,P,56.90748000,52.93391000,EUROPE,Russia,EEU
Raichozawa,Raichozawa,GPE,0.07828283,0.28686869,en,1.00000000,,0,,,,,,
Moji Ward,Moji Ward,GPE,-0.10000000,0.46666667,en,1.00000000,,0,,,,,,
Kusatsu,Kusatsu,GPE,0.00000000,0.00000000,en,1.00000000,4577446-8,1858067,P,35.01667000,135.96667000,ASIA,Japan,EAS
Ebina City,Ebina City,GPE,0.00000000,0.00000000,en,1.00000000,,0,,,,,,
Washikura,Washikura,GPE,-0.12500000,0.37500000,en,1.00000000,,0,,,,,,
Mitaka City,Mitaka City,GPE,0.00000000,0.00000000,en,1.00000000,,0,,,,,,
Nogawa Park,Nogawa Park,GPE,-0.07500000,0.40000000,en,1.00000000,,10867011,L,35.68306000,139.52403000,ASIA,Japan,EAS
the far east,the far east,LOC,0.10000000,1.00000000,en,1.00000000,,5116917,P,40.60538000,-73.75513000,NORTH-AMERICA,United States,ENA
tandan,tandan,GPE,0.29000000,0.80000000,en,1.00000000,,1122954,P,33.73859000,69.15104000,ASIA,Afghanistan,WCA
Renge,Renge,GPE,0.47321429,0.73571429,en,1.00000000,,7335662,H,-8.75340000,116.42330000,ASIA,Indonesia,SEA
Sharin,Sharin,GPE,0.47321429,0.73571429,en,1.00000000,,622182,P,51.80535000,29.04135000,EUROPE,Belarus,WCE
Koriyama,Koriyama,GPE,0.00000000,0.00000000,en,1.00000000,4264431-8,2112141,P,37.40000000,140.38333000,ASIA,Japan,EAS
PHOENIX,PHOENIX,GPE,0.16000000,0.54000000,en,1.00000000,4119970-4,5308655,P,33.44838000,-112.07404000,CENTRAL-AMERICA,United States,NCA
Miyazu,Miyazu,GPE,0.35000000,0.55000000,en,1.00000000,5248322-8,1856703,P,35.53638000,135.19934000,ASIA,Japan,EAS
Maizuru,Maizuru,GPE,0.35000000,0.55000000,en,1.00000000,129613-9,1857766,P,35.45000000,135.33333000,ASIA,Japan,EAS
Makuhari,Makuhari,GPE,0.37878788,0.48484848,en,1.00000000,4285385-0,2112016,P,35.65000000,140.05000000,ASIA,Japan,EAS
Nagano-chan,Nagano-chan,GPE,0.00000000,0.10000000,en,1.00000000,,0,,,,,,
``EAST,``EAST,LOC,0.50000000,0.50000000,en,1.00000000,,0,,,,,,
JR West's,JR West's,GPE,0.05000000,0.50000000,en,1.00000000,,11888061,S,30.14900000,-91.96398000,NORTH-AMERICA,United States,CNA
Mifune-cho,Mifune-cho,GPE,0.33809524,0.46507937,en,1.00000000,,1857340,T,37.29422000,137.22245000,ASIA,Japan,EAS
Kusu Town,Kusu Town,GPE,-0.12500000,0.37500000,en,1.00000000,,0,,,,,,
Kumakogen Town,Kumakogen Town,GPE,-0.12500000,0.37500000,en,1.00000000,,0,,,,,,
Torakomabashi,Torakomabashi,GPE,0.00000000,0.00000000,en,1.00000000,,0,,,,,,
Yanagawa,Yanagawa,GPE,0.00000000,0.00000000,en,1.00000000,1264076266,1848573,P,33.16667000,130.40000000,ASIA,Japan,EAS
Date City,Date City,GPE,0.00000000,0.00000000,en,1.00000000,,5341628,P,32.79310000,-115.30998000,CENTRAL-AMERICA,United States,NCA
Prefecture's,Prefecture's,GPE,0.35000000,0.55000000,en,1.00000000,,2597448,A,10.66667000,0.13333000,AFRICA,Togo,WAF
Amagi Town,Amagi Town,LOC,0.00000000,0.00000000,en,1.00000000,,0,,,,,,
China Town,China Town,GPE,0.00000000,0.00000000,en,1.00000000,7716617-6,3488465,P,17.99107000,-76.95742000,CENTRAL-AMERICA,Jamaica,CAR
Hiroshima Prefecture,Hiroshima Prefecture,GPE,0.19047619,0.38095238,en,1.00000000,4072524-8,1862415,P,34.40000000,132.45000000,ASIA,Japan,EAS
Tokunoshima,Tokunoshima,GPE,0.00000000,0.00000000,en,1.00000000,,6300363,S,27.83638000,128.88125000,ASIA,Japan,EAS
storms</li,storms</li,GPE,-0.16250000,0.43750000,en,1.00000000,,0,,,,,,
Nerima,Nerima,GPE,0.04166667,0.17500000,en,1.00000000,,1855502,A,35.73551000,139.65168000,ASIA,Japan,EAS
Tokorozawa,Tokorozawa,GPE,0.04166667,0.17500000,en,1.00000000,4399257-2,1850181,P,35.79916000,139.46903000,ASIA,Japan,EAS
Kamisatomi,Kamisatomi,GPE,0.04166667,0.17500000,en,1.00000000,,0,,,,,,
Daigo,Daigo,GPE,0.00000000,0.00000000,en,1.00000000,,2112987,A,38.41667000,140.26667000,ASIA,Japan,EAS
Minato City,Minato City,GPE,0.00000000,1.00000000,en,1.00000000,7742337-9,1857091,A,35.65000000,139.73333000,ASIA,Japan,EAS
Mine City,Mine City,GPE,0.00000000,0.00000000,en,1.00000000,,4342816,P,30.23659000,-93.37738000,NORTH-AMERICA,United States,CNA
Boy Scout,Boy Scout,GPE,0.00000000,0.00000000,en,1.00000000,,5907065,H,48.57917000,-80.86694000,NORTH-AMERICA,Canada,ENA
Kararie,Kararie,GPE,0.17500000,0.27500000,en,1.00000000,,0,,,,,,
Jinseki Kogen Town,Jinseki Kogen Town,GPE,0.00000000,0.00000000,en,1.00000000,,0,,,,,,
Kimitsu,Kimitsu,GPE,0.09902597,0.31024531,en,1.00000000,,2112249,A,35.41667000,140.01667000,ASIA,Japan,EAS
Hatoyama,Hatoyama,GPE,0.00000000,0.00000000,en,1.00000000,,2130129,P,43.08333000,141.81667000,ASIA,Japan,EAS
Fukushima City,Fukushima City,GPE,-0.12500000,0.37500000,en,1.00000000,4332074-0,9035648,A,37.51218000,140.39841000,ASIA,Japan,EAS
Shinjuku Piccadilly,Shinjuku Piccadilly,GPE,0.13636364,0.45454545,en,1.00000000,,0,,,,,,
Hikawa-cho,Hikawa-cho,GPE,0.12500000,0.16666667,en,1.00000000,,11193762,P,32.60348000,130.64336000,ASIA,Japan,EAS
Gyomu,Gyomu,LOC,0.07619048,0.44523810,en,1.00000000,,10985967,L,35.87992000,139.80525000,ASIA,Japan,EAS
East 2,East 2,LOC,0.07727273,0.28000000,en,1.00000000,,12200097,L,32.62857000,51.63140000,ASIA,Iran,WCA
Asakusa,Asakusa,GPE,0.00000000,0.00000000,en,1.00000000,4731141-1,1865047,P,35.71691000,139.79575000,ASIA,Japan,EAS
the Heiwa Maru,the Heiwa Maru,LOC,0.08333333,0.56250000,en,1.00000000,,0,,,,,,
the Tamagawa Riverbed,the Tamagawa Riverbed,LOC,0.13333333,0.16666667,en,1.00000000,,0,,,,,,
Ogasawara,Ogasawara,GPE,0.22857143,0.40714286,en,1.00000000,,0,,,,,,
the Takaoka City Fire Department,the Takaoka City Fire Department,GPE,0.40000000,1.00000000,en,1.00000000,,0,,,,,,
Togiya-cho,Togiya-cho,GPE,0.00000000,0.00000000,en,1.00000000,,0,,,,,,
Takaoka,Takaoka,GPE,0.03703704,0.34074074,en,1.00000000,,1851032,P,36.75000000,137.01667000,ASIA,Japan,EAS
Chile,Chile,GPE,0.00000000,0.00000000,en,1.00000000,4009929-5,3895114,A,-30.00000000,-71.00000000,SOUTH-AMERICA,Chile,SWS
The Atacama Desert,The Atacama Desert,LOC,0.00000000,0.00000000,en,1.00000000,,3899192,T,-24.50000000,-69.25000000,SOUTH-AMERICA,Chile,SWS
Alto Hospicio City,Alto Hospicio City,GPE,0.00000000,0.00000000,en,1.00000000,,0,,,,,,
the Sea of ​​Japan off the coast,the Sea of ​​Japan off the coast,LOC,0.00000000,0.00000000,en,1.00000000,,0,,,,,,
the Tango Peninsula,the Tango Peninsula,LOC,0.00000000,0.00000000,en,1.00000000,,0,,,,,,
Hakusan,Hakusan,GPE,-0.10000000,0.10000000,en,1.00000000,4338360-9,1863335,A,34.63858000,136.33930000,ASIA,Japan,EAS
Narutakizawa,Narutakizawa,GPE,0.00000000,0.00000000,en,1.00000000,,0,,,,,,
Tempris,Tempris,GPE,0.20000000,0.60000000,en,1.00000000,,0,,,,,,
Kusatsu Town,Kusatsu Town,GPE,-0.01666667,0.50000000,en,1.00000000,,0,,,,,,
South,South,LOC,0.07727273,0.28000000,en,1.00000000,,11887752,L,33.45876000,-90.15081000,NORTH-AMERICA,United States,CNA
JR,JR,GPE,0.11818182,0.42727273,en,1.00000000,,6301482,S,71.99389000,-125.24250000,NORTH-AMERICA,Canada,NWN
the West Japan Expressway,the West Japan Expressway,LOC,0.01666667,0.33333333,en,1.00000000,,0,,,,,,
Ibi River,Ibi River,LOC,0.12500000,0.57500000,en,1.00000000,,1862025,H,35.04883000,136.71249000,ASIA,Japan,EAS
Kyushu Kumamoto,Kyushu Kumamoto,GPE,-0.10000000,0.40000000,en,1.00000000,,1857892,T,32.42944000,130.99099000,ASIA,Japan,EAS
Piccadilly,Piccadilly,GPE,0.05000000,0.75000000,en,1.00000000,,2063438,P,-34.97783000,138.73020000,OCEANIA,Australia,SAU
Ao-kun,Ao-kun,GPE,0.00000000,0.00000000,en,1.00000000,4271749-8,594739,P,55.93333000,23.31667000,EUROPE,Lithuania,WCE
Chocó,Chocó,GPE,0.01000000,0.15000000,en,1.00000000,,3686431,A,6.00000000,-77.00000000,SOUTH-AMERICA,Colombia,NWS
Kurayoshi,Kurayoshi,GPE,0.50000000,0.50000000,en,1.00000000,4721131-3,1858301,P,35.43333000,133.81667000,ASIA,Japan,EAS
Mountain Day,Mountain Day,GPE,0.00000000,0.00000000,en,1.00000000,,5288439,P,33.78477000,-110.02649000,CENTRAL-AMERICA,United States,NCA
Iizuka City,Iizuka City,GPE,0.50000000,0.50000000,en,1.00000000,,8742119,P,37.40771000,138.63980000,ASIA,Japan,EAS
Kake,Kake,GPE,0.16666667,0.58333333,en,1.00000000,,5554194,P,56.97583000,-133.94722000,NORTH-AMERICA,United States,NWN
Akasaka-cho,Akasaka-cho,GPE,-0.05000000,0.40000000,en,1.00000000,,1865521,A,34.85000000,137.30000000,ASIA,Japan,EAS
Kokoichi,Kokoichi,GPE,-0.02121212,0.28484848,en,1.00000000,,0,,,,,,
Kanagawa Prefecture's,Kanagawa Prefecture's,GPE,0.00000000,0.00000000,en,1.00000000,,10370418,L,35.17970000,139.10626000,ASIA,Japan,EAS
Shopping District,Shopping District,LOC,0.00000000,0.00000000,en,1.00000000,,7840054,L,-34.58844000,-58.41053000,SOUTH-AMERICA,Argentina,SES
Yushima,Yushima,GPE,-0.10000000,0.10000000,en,1.00000000,,11473519,L,42.98894000,144.93441000,ASIA,Japan,EAS
Aka,Aka,GPE,0.00000000,0.00000000,en,1.00000000,,1865606,T,32.96667000,132.05000000,ASIA,Japan,EAS
Fukuyama,Fukuyama,GPE,0.00000000,0.00000000,en,1.00000000,4577444-4,1863917,P,34.48333000,133.36667000,ASIA,Japan,EAS
Umi Town,Umi Town,GPE,0.00000000,0.00000000,en,1.00000000,,0,,,,,,
Tokyo City,Tokyo City,GPE,0.25000000,0.25000000,en,1.00000000,,1861321,P,35.74893000,139.71497000,ASIA,Japan,EAS
Saeki City,Saeki City,GPE,0.00000000,0.00000000,en,1.00000000,,7374297,A,34.45817000,132.29227000,ASIA,Japan,EAS
Uchihara,Uchihara,GPE,-0.02000000,0.52000000,en,1.00000000,,2110658,A,36.35000000,140.36667000,ASIA,Japan,EAS
Chuo,Chuo,GPE,-0.30000000,0.60000000,en,1.00000000,4388993-1,2113015,P,35.60000000,140.11667000,ASIA,Japan,EAS
Yoshimatsu,Yoshimatsu,GPE,0.09545455,0.39595960,en,1.00000000,,11208925,P,32.93239000,130.71083000,ASIA,Japan,EAS
Yoshimatsu-Hayato,Yoshimatsu-Hayato,GPE,0.09545455,0.39595960,en,1.00000000,,0,,,,,,
the Oki Islands,the Oki Islands,GPE,0.00000000,0.00000000,en,1.00000000,,0,,,,,,
Hasegawa,Hasegawa,GPE,0.37500000,0.65000000,en,1.00000000,,11141673,P,35.32549000,140.07579000,ASIA,Japan,EAS
Namegawa City,Namegawa City,GPE,0.00000000,0.08888889,en,1.00000000,,0,,,,,,
the Midway Islands Latitude 13,the Midway Islands Latitude 13,LOC,0.01704545,0.28125000,en,1.00000000,,0,,,,,,
Namekawa City - Latest,Namekawa City - Latest,GPE,0.12500000,0.29166667,en,1.00000000,,0,,,,,,
Midway Islands,Midway Islands,LOC,0.01704545,0.28125000,en,1.00000000,4039148-6,5854941,L,28.22800000,-177.38900000,PACIFIC,U.S. Outlying Islands,NPO
Okazaki City,Okazaki City,GPE,0.00714286,0.46428571,en,1.00000000,,0,,,,,,
Sumiyoshi Town,Sumiyoshi Town,GPE,-0.13333333,0.30000000,en,1.00000000,,0,,,,,,
the Jutland peninsula,the Jutland peninsula,LOC,0.00000000,0.00000000,en,1.00000000,,0,,,,,,
Udom,Udom,GPE,0.00000000,0.00000000,en,1.00000000,4004432-4,1609350,P,13.75398000,100.50144000,ASIA,Thailand,SEA
Guangdong Province,Guangdong Province,GPE,0.00000000,0.00000000,en,1.00000000,4249642-1,1812545,P,23.01797000,113.74866000,ASIA,China,EAS
Hubei province,Hubei province,GPE,0.00000000,0.00000000,en,1.00000000,4122666-5,1791247,P,30.58333000,114.26667000,ASIA,China,EAS
Denmark,Denmark,GPE,0.21666667,0.46666667,en,1.00000000,4010877-6,2623032,A,56.00000000,10.00000000,EUROPE,Denmark,NEU
Versailles,Versailles,GPE,-0.20000000,0.25000000,en,1.00000000,4063142-4,2969679,P,48.80359000,2.13424000,EUROPE,France,WCE
Herculaneum,Herculaneum,GPE,0.00000000,0.00000000,en,1.00000000,4024464-7,3177364,S,40.80569000,14.34799000,EUROPE-AFRICA,Italy,MED
the southeast coast,the southeast coast,LOC,-0.10000000,0.40000000,en,1.00000000,,5874863,A,63.75056000,-143.25056000,NORTH-AMERICA,United States,NWN
Hayato,Hayato,GPE,0.09545455,0.39595960,en,1.00000000,,1862966,A,31.73333000,130.71667000,ASIA,Japan,EAS
Wajima,Wajima,GPE,0.00000000,0.20000000,en,1.00000000,1079367063,1848976,P,37.40458000,136.89912000,ASIA,Japan,EAS
Kujuku Bay,Kujuku Bay,LOC,0.36250000,0.85416667,en,1.00000000,,1849652,H,37.30536000,137.23642000,ASIA,Japan,EAS
Cybozu Inside Out,Cybozu Inside Out,LOC,0.00000000,0.00000000,en,1.00000000,,0,,,,,,
Tajimi,Tajimi,GPE,-0.05000000,0.20000000,en,1.00000000,4638430-3,1851193,P,35.31667000,137.13333000,ASIA,Japan,EAS
Sansuiso,Sansuiso,GPE,0.50000000,0.87500000,en,1.00000000,,0,,,,,,
Yahata,Yahata,GPE,-0.05000000,0.20000000,en,1.00000000,,1848437,P,35.25110000,139.87179000,ASIA,Japan,EAS
Gujo City,Gujo City,GPE,-0.05000000,0.20000000,en,1.00000000,,0,,,,,,
LONDON,LONDON,GPE,0.15284091,0.46810065,en,1.00000000,4074335-4,2643743,P,51.50853000,-0.12574000,EUROPE,United Kingdom,NEU
Takamori Town,Takamori Town,GPE,0.00000000,0.00000000,en,1.00000000,,0,,,,,,
Nuristan,Nuristan,GPE,0.00000000,0.00000000,en,1.00000000,4075534-4,1444363,A,35.30000000,70.83333000,ASIA,Afghanistan,WCA
Kamiamakusa City,Kamiamakusa City,GPE,0.00000000,0.00000000,en,1.00000000,,0,,,,,,
Okutama Town,Okutama Town,GPE,0.00000000,0.00000000,en,1.00000000,,0,,,,,,
the United Kingdom,the United Kingdom,GPE,0.50000000,0.50000000,en,1.00000000,4022153-2,2635167,A,54.75844000,-2.69531000,EUROPE,United Kingdom,NEU
Alto Bavaria,Alto Bavaria,GPE,0.30000000,0.70000000,en,1.00000000,4048989-9,2849483,P,49.01513000,12.10161000,EUROPE,Germany,WCE
Kawaminami Town,Kawaminami Town,GPE,0.00000000,0.00000000,en,1.00000000,,0,,,,,,
Kanta,Kanta,GPE,0.00000000,0.00000000,en,1.00000000,,830705,A,60.91667000,24.33333000,EUROPE,Finland,NEU
Sado,Sado,GPE,-0.01666667,0.41666667,en,1.00000000,,1838271,P,34.58333000,127.56667000,ASIA,South Korea,EAS
Aikawa,Aikawa,GPE,0.00000000,0.00000000,en,1.00000000,,2130715,A,40.13333000,140.31667000,ASIA,Japan,EAS
​​Sado City,​​Sado City,GPE,0.00000000,0.00000000,en,1.00000000,,0,,,,,,
Yotsuya Area,Yotsuya Area,GPE,0.00000000,0.00000000,en,1.00000000,,11911862,H,45.25684000,148.48808000,ASIA,Japan,RFE
the Fuchu City,the Fuchu City,GPE,0.00000000,0.00000000,en,1.00000000,,0,,,,,,
Akune,Akune,GPE,0.00000000,0.00000000,en,1.00000000,,1865399,A,32.02516000,130.19768000,ASIA,Japan,EAS
Ealing,Ealing,GPE,-0.40000000,0.60000000,en,1.00000000,7550077-2,2650567,P,51.51216000,-0.30204000,EUROPE,United Kingdom,NEU
Godzilla Rock,Godzilla Rock,LOC,0.00000000,0.00000000,en,1.00000000,,0,,,,,,
Chiba City Zoological Park's,Chiba City Zoological Park's,GPE,0.50000000,0.55000000,en,1.00000000,,0,,,,,,
Maibara City,Maibara City,GPE,-0.20000000,0.50000000,en,1.00000000,,0,,,,,,
Kaisei,Kaisei,GPE,0.00000000,0.00000000,en,1.00000000,,2129792,P,44.10000000,143.53333000,ASIA,Japan,EAS
Aomori Seismic,Aomori Seismic,LOC,0.30444444,0.50111111,en,1.00000000,,0,,,,,,
Camellia Hills CC,Camellia Hills CC,LOC,0.02777778,0.16666667,en,1.00000000,,0,,,,,,
Excelsior,Excelsior,GPE,0.10227273,0.46590909,en,1.00000000,,4385966,P,39.33917000,-94.22606000,NORTH-AMERICA,United States,CNA
Nionohama,Nionohama,GPE,0.05000000,0.50000000,en,1.00000000,,0,,,,,,
barbecue,barbecue,GPE,0.40000000,0.40000000,en,1.00000000,,4453706,P,35.33599000,-79.03864000,NORTH-AMERICA,United States,ENA
Shikoku Nagasaki Prefecture,Shikoku Nagasaki Prefecture,GPE,0.07361111,0.48472222,en,1.00000000,,1856162,T,33.41926000,132.13943000,ASIA,Japan,EAS
Yaraqui,Yaraqui,GPE,0.00000000,0.00000000,en,1.00000000,,0,,,,,,
Kashima,Kashima,GPE,-0.11666667,0.16666667,en,1.00000000,,0,,,,,,
Ofunato Line,Ofunato Line,GPE,0.00000000,0.00000000,en,1.00000000,,0,,,,,,
Yoron Island,Yoron Island,GPE,0.17500000,0.36666667,en,1.00000000,,1848228,T,27.04078000,128.43256000,ASIA,Japan,EAS
Aomori Prefecture - Sanyakamikita,Aomori Prefecture - Sanyakamikita,GPE,0.00000000,0.00000000,en,1.00000000,,0,,,,,,
Aso Otohime,Aso Otohime,GPE,0.00000000,0.75000000,en,1.00000000,,11223714,P,32.94449000,131.04312000,ASIA,Japan,EAS
Turing,Turing,GPE,-0.02222222,0.41111111,en,1.00000000,,8078196,L,31.10000000,86.00000000,ASIA,China,TIB
Silicon Island,Silicon Island,LOC,0.00000000,0.00000000,en,1.00000000,,5322901,T,37.82673000,-122.42287000,NORTH-AMERICA,United States,WNA
Starbucks x Goncha,Starbucks x Goncha,LOC,0.36093074,0.64199134,en,1.00000000,,0,,,,,,
"""Silicon Island","""Silicon Island",LOC,0.00000000,0.00000000,en,1.00000000,,5322901,T,37.82673000,-122.42287000,NORTH-AMERICA,United States,WNA
Kikuchi City,Kikuchi City,GPE,0.00000000,0.00000000,en,1.00000000,,0,,,,,,
Kumamoto City's,Kumamoto City's,GPE,-0.45000000,0.70000000,en,1.00000000,,0,,,,,,
Mitsuke Island,Mitsuke Island,LOC,0.36250000,0.85416667,en,1.00000000,,1856877,T,37.39627000,137.24714000,ASIA,Japan,EAS
Fujikawaguchiko Town,Fujikawaguchiko Town,LOC,0.00000000,0.00000000,en,1.00000000,,7281819,P,35.48933000,138.68832000,ASIA,Japan,EAS
Otsuki City,Otsuki City,GPE,0.30000000,0.52500000,en,1.00000000,,0,,,,,,
Nakatsugawa City Tsukechi,Nakatsugawa City Tsukechi,GPE,0.35000000,0.55000000,en,1.00000000,,0,,,,,,
Yamato Town,Yamato Town,GPE,0.00000000,0.00000000,en,1.00000000,,0,,,,,,
Shimotsuke City,Shimotsuke City,GPE,0.35000000,0.55000000,en,1.00000000,,0,,,,,,
Yatomi City,Yatomi City,GPE,0.00000000,0.00000000,en,1.00000000,,0,,,,,,
Gamagori City,Gamagori City,GPE,0.00000000,0.00000000,en,1.00000000,,0,,,,,,
Ibaraki prefecture,Ibaraki prefecture,LOC,0.00000000,0.04166667,en,1.00000000,,2111901,P,36.35000000,140.45000000,ASIA,Japan,EAS
Ebinoja,Ebinoja,GPE,0.00000000,0.00000000,en,1.00000000,,0,,,,,,
Yatsushiroumi,Yatsushiroumi,GPE,-0.12500000,0.37500000,en,1.00000000,,0,,,,,,
Kumejima,Kumejima,GPE,-0.40000000,0.60000000,en,1.00000000,7658672-8,6300462,S,26.36351000,126.71381000,ASIA,Japan,EAS
Fukaya,Fukaya,GPE,0.00000000,0.00000000,en,1.00000000,,1864030,A,36.20000000,139.28333000,ASIA,Japan,EAS
tr><td,tr><td,GPE,0.00000000,0.00000000,en,1.00000000,,0,,,,,,
Kesato,Kesato,GPE,0.12500000,0.45000000,en,1.00000000,,0,,,,,,
Asahi City,Asahi City,GPE,-0.02847222,0.32430556,en,1.00000000,,2130624,T,43.76440000,142.48890000,ASIA,Japan,EAS
San Francisco Bay Area,San Francisco Bay Area,LOC,0.00000000,0.00000000,en,1.00000000,4051520-5,5391959,P,37.77493000,-122.41942000,NORTH-AMERICA,United States,WNA
Yatsushiro Sea,Yatsushiro Sea,LOC,0.00000000,0.12500000,en,1.00000000,,0,,,,,,
the Kingdom of Brazil,the Kingdom of Brazil,GPE,0.00000000,1.00000000,en,1.00000000,,0,,,,,,
the East Full Text,the East Full Text,LOC,0.35000000,0.55000000,en,1.00000000,,0,,,,,,
Naeba,Naeba,GPE,0.26727273,0.62090909,en,1.00000000,4752191-0,1856260,T,36.84501000,138.69081000,ASIA,Japan,EAS
Roxbury,Roxbury,GPE,0.13333333,0.58333333,en,1.00000000,,4955128,P,42.27926000,-71.14950000,NORTH-AMERICA,United States,ENA
Kroi,Kroi,GPE,0.26727273,0.62090909,en,1.00000000,,3185275,P,41.50000000,19.86667000,EUROPE-AFRICA,Albania,MED
the Dominican Republic,the Dominican Republic,GPE,0.00000000,0.00000000,en,1.00000000,,3651297,P,-0.25368000,-79.17628000,SOUTH-AMERICA,Ecuador,NWS
East Coast,East Coast,LOC,0.00000000,0.00000000,en,1.00000000,,12212303,L,37.02332000,-77.36954000,NORTH-AMERICA,United States,ENA
Inter Miami,Inter Miami,GPE,0.30000000,0.73333333,en,1.00000000,,9849888,S,25.78077000,-80.26413000,NORTH-AMERICA,United States,ENA
West Germany,West Germany,GPE,-0.16666667,0.13333333,en,1.00000000,4011882-4,2921044,A,51.50000000,10.50000000,EUROPE,Germany,WCE
Fuji Rock's,Fuji Rock's,GPE,-0.00000000,0.68333333,en,1.00000000,,4035952,H,-19.22841000,-178.33618000,PACIFIC,Fiji,SPO
FUJI ROCK,FUJI ROCK,GPE,-0.00000000,0.46666667,en,1.00000000,,2203323,T,-17.85073000,179.44394000,PACIFIC,Fiji,SPO
Yonago,Yonago,GPE,0.25000000,0.85000000,en,1.00000000,133286-7,1848277,P,35.43333000,133.33333000,ASIA,Japan,EAS
Ghana,Ghana,GPE,0.15000000,0.51111111,en,1.00000000,4020949-0,2300660,A,8.10000000,-1.20000000,AFRICA,Ghana,WAF
Algeria,Algeria,GPE,0.15000000,0.51111111,en,1.00000000,4001179-3,2589581,A,28.00000000,3.00000000,AFRICA,Algeria,SAH
Murayama,Murayama,GPE,-0.01333333,0.44666667,en,1.00000000,,1856368,A,35.75037000,139.38391000,ASIA,Japan,EAS
Islay,Islay,LOC,-0.04285714,0.45357143,en,1.00000000,4445602-5,6635515,T,-67.35000000,59.71667000,POLAR,Antarctica,EAN
Okitama,Okitama,GPE,-0.01333333,0.44666667,en,1.00000000,,2111454,A,38.00000000,140.00000000,ASIA,Japan,EAS
Forecast,Forecast,LOC,0.00000000,0.62500000,en,1.00000000,,6633322,T,-70.66361000,64.33167000,POLAR,Antarctica,EAN
Okinawa</li,Okinawa</li,GPE,0.20238095,0.64047619,en,1.00000000,,0,,,,,,
Hamanasu,Hamanasu,GPE,0.05833333,0.21666667,en,1.00000000,,11796436,P,45.39648000,141.72314000,ASIA,Japan,RFE
the Notsuke Peninsula Nature Center Narawara,the Notsuke Peninsula Nature Center Narawara,LOC,0.05833333,0.21666667,en,1.00000000,,0,,,,,,
the Notsuke Peninsula Observation House,the Notsuke Peninsula Observation House,LOC,0.05833333,0.21666667,en,1.00000000,,0,,,,,,
Saku,Saku,GPE,0.00000000,0.00000000,en,1.00000000,2139963-3,1853081,P,36.21667000,138.48333000,ASIA,Japan,EAS
Hamamatsu City,Hamamatsu City,GPE,0.00000000,0.00000000,en,1.00000000,4291768-2,1863289,P,34.70000000,137.73333000,ASIA,Japan,EAS
Wumao,Wumao,GPE,0.00000000,0.00000000,en,1.00000000,,10260084,A,25.87200000,101.78800000,ASIA,China,EAS
Bastille,Bastille,GPE,0.35000000,0.55000000,en,1.00000000,,6295667,S,48.85317000,2.36910000,EUROPE,France,WCE
Matsuzakaya Nagoya,Matsuzakaya Nagoya,GPE,0.21717172,0.49242424,en,1.00000000,,0,,,,,,
Shizu Delta,Shizu Delta,LOC,0.00000000,0.10000000,en,1.00000000,,0,,,,,,
Shari,Shari,GPE,0.04166667,0.25000000,en,1.00000000,,2425791,P,9.14555000,18.38331000,AFRICA,Chad,CAF
Hirose,Hirose,GPE,0.00000000,0.00000000,en,1.00000000,,1862417,A,32.01667000,131.46667000,ASIA,Japan,EAS
Iwakuni City,Iwakuni City,GPE,0.00000000,0.00000000,en,1.00000000,,0,,,,,,
the Miyako Island,the Miyako Island,LOC,-0.10000000,0.50000000,en,1.00000000,,0,,,,,,
Mukai Town,Mukai Town,LOC,0.00000000,0.25000000,en,1.00000000,,0,,,,,,
The Sakishima Islands,The Sakishima Islands,LOC,0.05000000,0.20000000,en,1.00000000,,0,,,,,,
BRUSSELS,BRUSSELS,GPE,0.00000000,0.00000000,en,1.00000000,4008460-7,2800866,P,50.85045000,4.34878000,EUROPE,Belgium,WCE
north south,north south,LOC,0.25714286,0.71428571,en,1.00000000,,11887752,L,33.45876000,-90.15081000,NORTH-AMERICA,United States,CNA
Guigang City,Guigang City,GPE,0.08437500,0.37812500,en,1.00000000,,0,,,,,,
Xiahe County,Xiahe County,GPE,0.10000000,0.60000000,en,1.00000000,,1790711,A,35.04193000,102.48592000,ASIA,China,EAS
Kagawa,Kagawa,GPE,-0.15000000,0.75000000,en,1.00000000,4389001-5,1851100,P,34.33333000,134.05000000,ASIA,Japan,EAS
Takamatsu City JA Kagawa Prefecture,Takamatsu City JA Kagawa Prefecture,GPE,0.11875000,0.28750000,en,1.00000000,,0,,,,,,
Shiretoko Peninsula,Shiretoko Peninsula,LOC,0.00000000,0.00000000,en,1.00000000,,2128064,T,44.00000000,145.00000000,ASIA,Japan,EAS
Xiahe,Xiahe,GPE,-0.20000000,0.50000000,en,1.00000000,4603342-7,8521364,S,34.81070000,102.64492000,ASIA,China,EAS
Gannan,Gannan,GPE,0.10000000,0.60000000,en,1.00000000,,1810686,A,34.51779000,102.65909000,ASIA,China,EAS
Lower East Side,Lower East Side,LOC,0.29545455,0.59595960,en,1.00000000,,4900611,P,41.85420000,-87.66561000,NORTH-AMERICA,United States,ENA
Autonomous Prefecture,Autonomous Prefecture,GPE,0.10000000,0.60000000,en,1.00000000,,1281178,A,34.08595000,99.55181000,ASIA,China,TIB
the sea south,the sea south,LOC,0.32380952,0.58095238,en,1.00000000,4051667-2,3448439,P,-23.54750000,-46.63611000,SOUTH-AMERICA,Brazil,SES
The Notsuke Peninsula,The Notsuke Peninsula,LOC,0.05833333,0.21666667,en,1.00000000,,0,,,,,,
Rausu Notsuke Saki Lighthouse,Rausu Notsuke Saki Lighthouse,GPE,0.05833333,0.21666667,en,1.00000000,,0,,,,,,
Kyubey,Kyubey,GPE,0.50000000,0.40000000,en,1.00000000,,2021002,P,60.36667000,134.85000000,ASIA,Russia,RFE
Hyogo Island,Hyogo Island,LOC,-0.20000000,0.35000000,en,1.00000000,,1864898,T,34.38840000,134.82880000,ASIA,Japan,EAS
Kanto-Koshinetsu,Kanto-Koshinetsu,LOC,0.22777778,0.52222222,en,1.00000000,,0,,,,,,
The North and Central America World Cup (World Cup,The North and Central America World Cup (World Cup,LOC,0.00000000,0.06250000,en,1.00000000,,0,,,,,,
San Francisco Bay Area Stadium,San Francisco Bay Area Stadium,LOC,0.00833333,0.69166667,en,1.00000000,,5394114,L,37.76604000,-122.40942000,NORTH-AMERICA,United States,WNA
Nicaragua,Nicaragua,GPE,0.50000000,0.50000000,en,1.00000000,4042050-4,3617476,A,13.00000000,-85.00000000,CENTRAL-AMERICA,Nicaragua,SCA
Myanmar,Myanmar,GPE,0.50000000,0.50000000,en,1.00000000,4069500-1,1327865,A,21.00000000,96.00000000,ASIA,Myanmar,SAS
The Noto Peninsula's,The Noto Peninsula's,LOC,0.38333333,0.47777778,en,1.00000000,,0,,,,,,
Meckeln-Drevitz,Meckeln-Drevitz,LOC,0.00000000,0.00000000,en,1.00000000,,0,,,,,,
the Minato River,the Minato River,LOC,-0.20000000,0.35000000,en,1.00000000,,0,,,,,,
the Rokkosaki Lighthouse,the Rokkosaki Lighthouse,LOC,0.08333333,0.30000000,en,1.00000000,,0,,,,,,
Shibetsu Town,Shibetsu Town,GPE,0.00000000,0.00000000,en,1.00000000,,0,,,,,,
Roen-cho,Roen-cho,GPE,0.00000000,0.00000000,en,1.00000000,,0,,,,,,
Kota Habu,Kota Habu,GPE,0.05000000,0.60000000,en,1.00000000,,0,,,,,,
Millimeshi,Millimeshi,GPE,0.00000000,0.49444444,en,1.00000000,,0,,,,,,
Korakuen,Korakuen,GPE,0.00000000,0.00000000,en,1.00000000,,1858769,L,34.66784000,133.93609000,ASIA,Japan,EAS
Empire,Empire,GPE,0.00000000,0.00000000,en,1.00000000,,0,,,,,,
Kanta (Kisetsu Fujiwara,Kanta (Kisetsu Fujiwara,GPE,0.00000000,0.50000000,en,1.00000000,,0,,,,,,
Fuji Rock ',Fuji Rock ',GPE,0.00000000,0.00000000,en,1.00000000,,2203323,T,-17.85073000,179.44394000,PACIFIC,Fiji,SPO
Kyushu ▼,Kyushu ▼,GPE,0.17500000,0.27500000,en,1.00000000,,0,,,,,,
non-Nagoya,non-Nagoya,GPE,0.33333333,1.00000000,en,1.00000000,,7559326,S,35.16141000,136.89808000,ASIA,Japan,EAS
Puerto Rico,Puerto Rico,GPE,-0.08917749,0.26623377,en,1.00000000,4076429-1,4566967,T,18.24940000,-66.50101000,CENTRAL-AMERICA,Puerto Rico,CAR
Shinchi-cho,Shinchi-cho,GPE,0.45000000,0.57500000,en,1.00000000,,2128108,P,43.27333000,140.63750000,ASIA,Japan,EAS
Las Vegas,Las Vegas,GPE,0.50000000,0.50000000,en,1.00000000,4034659-6,5506956,P,36.17497000,-115.13722000,NORTH-AMERICA,United States,WNA
Notsuke Peninsula,Notsuke Peninsula,LOC,0.00000000,0.00000000,en,1.00000000,,0,,,,,,
Eastern Hokkaido:,Eastern Hokkaido:,LOC,0.00000000,0.00000000,en,1.00000000,,11257417,L,43.51669000,142.44873000,ASIA,Japan,EAS
Truk Islands,Truk Islands,LOC,0.09727273,0.33500000,en,1.00000000,4061051-2,2081309,T,7.44447000,151.78109000,PACIFIC,Micronesia,EPO
Shinanomachi,Shinanomachi,GPE,0.00000000,0.15000000,en,1.00000000,,10865649,P,35.68194000,139.72097000,ASIA,Japan,EAS
MEXICO CITY,MEXICO CITY,GPE,0.30000000,0.30000000,en,1.00000000,4039060-3,3530597,P,19.42847000,-99.12766000,CENTRAL-AMERICA,Mexico,NCA
Bellingham,Bellingham,GPE,0.00000000,0.00000000,en,1.00000000,4112705-5,5786899,P,48.75955000,-122.48822000,NORTH-AMERICA,United States,WNA
The North and Central America World Cup (,The North and Central America World Cup (,LOC,-0.06666667,0.21666667,en,1.00000000,,0,,,,,,
Central America World Cup,Central America World Cup,LOC,0.06666667,0.41666667,en,1.00000000,,0,,,,,,
Mexico City,Mexico City,GPE,0.11212121,0.36666667,en,1.00000000,4039060-3,3530597,P,19.42847000,-99.12766000,CENTRAL-AMERICA,Mexico,NCA
Toluca,Toluca,GPE,0.11212121,0.36666667,en,1.00000000,4119650-8,3515302,P,19.28786000,-99.65324000,CENTRAL-AMERICA,Mexico,NCA
Nanning city,Nanning city,GPE,-0.16041667,0.29375000,en,1.00000000,,11703236,A,24.26816000,120.57290000,ASIA,Taiwan,EAS
the FIFA North,the FIFA North,LOC,0.06666667,0.41666667,en,1.00000000,,0,,,,,,
Hachigasaki Beach,Hachigasaki Beach,GPE,0.15000000,0.05000000,en,1.00000000,,0,,,,,,
the Hachigasaki Coast,the Hachigasaki Coast,LOC,0.00000000,0.03333333,en,1.00000000,,0,,,,,,
Matsuya,Matsuya,GPE,0.37878788,0.58484848,en,1.00000000,,2129272,T,42.11517000,140.76103000,ASIA,Japan,EAS
DeNA,DeNA,GPE,0.00000000,0.00000000,en,1.00000000,,7454214,T,30.94941000,51.43553000,ASIA,Iran,WCA
Sannomiya,Sannomiya,GPE,-0.30000000,0.60000000,en,1.00000000,,10206555,T,32.03095000,131.00222000,ASIA,Japan,EAS
Rusha Bay,Rusha Bay,LOC,0.00000000,0.00000000,en,1.00000000,,0,,,,,,
TOKIO,TOKIO,GPE,0.05000000,0.10000000,en,1.00000000,4078337-6,1850147,P,35.68950000,139.69171000,ASIA,Japan,EAS
Yotsuya water,Yotsuya water,LOC,0.00000000,0.00000000,en,1.00000000,,0,,,,,,
Yashima,Yashima,GPE,-0.06666667,0.69166667,en,1.00000000,,2110530,A,39.23333000,140.13333000,ASIA,Japan,EAS
Jackery,Jackery,GPE,-0.05681818,0.42727273,en,1.00000000,,0,,,,,,
Tamagawa Daimaru,Tamagawa Daimaru,LOC,0.08333333,0.13333333,en,1.00000000,,0,,,,,,
Sofia,Sofia,GPE,-0.05000000,0.40000000,en,1.00000000,4077502-1,727011,P,42.69751000,23.32415000,EUROPE-AFRICA,Bulgaria,MED
Kinki-Kyushu,Kinki-Kyushu,GPE,-0.03333333,0.73333333,en,1.00000000,,10262803,S,33.62823000,130.69150000,ASIA,Japan,EAS
Kunitomi Town,Kunitomi Town,GPE,0.00000000,0.00000000,en,1.00000000,,0,,,,,,
Sugamo,Sugamo,GPE,0.00000000,0.00000000,en,1.00000000,,8573188,P,35.73484000,139.73326000,ASIA,Japan,EAS
Takanabe Town,Takanabe Town,GPE,0.00000000,0.00000000,en,1.00000000,,0,,,,,,
Minamata,Minamata,GPE,-0.10000000,0.25000000,en,1.00000000,4506386-2,1857208,P,32.21667000,130.40000000,ASIA,Japan,EAS
Kawanami Town,Kawanami Town,GPE,0.00000000,0.00000000,en,1.00000000,,0,,,,,,
Ascarina,Ascarina,GPE,0.05000000,0.50000000,en,1.00000000,,0,,,,,,
Funato,Funato,GPE,0.00000000,0.00000000,en,1.00000000,,8311287,P,38.49585000,141.29047000,ASIA,Japan,EAS
Kubokawa,Kubokawa,GPE,0.00000000,0.00000000,en,1.00000000,,1858532,A,33.25000000,133.13333000,ASIA,Japan,EAS
Suppressionism,Suppressionism,GPE,0.00000000,0.00000000,en,1.00000000,,0,,,,,,
the Izukyu Line,the Izukyu Line,LOC,0.00000000,0.00000000,en,1.00000000,,0,,,,,,
Kawazu Town,Kawazu Town,GPE,0.00000000,0.00000000,en,1.00000000,,0,,,,,,
the Izu Peninsula,the Izu Peninsula,LOC,0.00000000,0.00000000,en,1.00000000,,0,,,,,,
Kumamoto Earthquakes,Kumamoto Earthquakes,GPE,-0.14375000,0.76875000,en,1.00000000,,0,,,,,,
Minamiise Town,Minamiise Town,GPE,0.00000000,0.00000000,en,1.00000000,,0,,,,,,
Jackery Japan,Jackery Japan,GPE,-0.05681818,0.42727273,en,1.00000000,,0,,,,,,
Miyazaki City,Miyazaki City,GPE,0.00000000,0.00000000,en,1.00000000,,1856717,P,31.91667000,131.41667000,ASIA,Japan,EAS
Shima City,Shima City,GPE,0.00000000,0.00000000,en,1.00000000,4120032-9,1853771,T,34.01432000,130.72584000,ASIA,Japan,EAS
Chino,Chino,GPE,0.00000000,0.00000000,en,1.00000000,4603233-2,5336537,P,34.01223000,-117.68894000,NORTH-AMERICA,United States,WNA
Tada,Tada,GPE,0.41666667,0.50000000,en,1.00000000,,11886248,P,28.45087000,81.05055000,ASIA,Nepal,TIB
Toyosato,Toyosato,GPE,0.20000000,0.32500000,en,1.00000000,,2110718,A,38.58333000,141.25000000,ASIA,Japan,EAS
Summit Kikuna,Summit Kikuna,LOC,0.23519608,0.59058824,en,1.00000000,,0,,,,,,
Yaiba,Yaiba,GPE,-0.37500000,0.61666667,en,1.00000000,,1279638,P,30.05950000,95.62342000,ASIA,China,TIB
St. Petersburg,St. Petersburg,GPE,0.01666667,0.17777778,en,1.00000000,2034200-7,498817,P,59.93863000,30.31413000,EUROPE,Russia,NEU
Muirfield,Muirfield,GPE,-0.10000000,0.20000000,en,1.00000000,,0,,,,,,
Komatsubara,Komatsubara,GPE,-0.11607143,0.50892857,en,1.00000000,,8432362,P,39.40427000,141.18150000,ASIA,Japan,EAS
Southern Kyushu,Southern Kyushu,LOC,0.16666667,0.33333333,en,1.00000000,,13100362,R,33.58983000,130.39736000,ASIA,Japan,EAS
Shimaenaga,Shimaenaga,LOC,0.13409091,0.58863636,en,1.00000000,,0,,,,,,
Anisakididae,Anisakididae,GPE,0.05000000,0.50000000,en,1.00000000,,0,,,,,,
Yubari,Yubari,GPE,0.13409091,0.58863636,en,1.00000000,,2127419,P,43.03778000,141.95778000,ASIA,Japan,EAS
Boca Raton,Boca Raton,GPE,0.00000000,0.00000000,en,1.00000000,4194370-3,4148411,P,26.35869000,-80.08310000,NORTH-AMERICA,United States,ENA
the Honjuku Irrigation Waterway,the Honjuku Irrigation Waterway,LOC,0.10000000,0.30000000,en,1.00000000,,0,,,,,,
Nippon Ham,Nippon Ham,LOC,-0.02500000,0.52500000,en,1.00000000,,6488271,S,53.57498000,10.01524000,EUROPE,Germany,NEU
the Katsuragawa River,the Katsuragawa River,LOC,-0.25000000,0.25000000,en,1.00000000,,0,,,,,,
valley,valley,LOC,0.00000000,0.00000000,en,1.00000000,,3573374,P,18.21704000,-63.05783000,CENTRAL-AMERICA,Anguilla,CAR
Gobo,Gobo,GPE,0.00000000,0.00000000,en,1.00000000,,1863614,P,33.88153000,135.16960000,ASIA,Japan,EAS
Western rock,Western rock,LOC,-0.03333333,0.13333333,en,1.00000000,,2295854,T,5.01667000,-1.60000000,AFRICA,Ghana,WAF
Watarai Town,Watarai Town,GPE,0.00000000,0.00000000,en,1.00000000,,0,,,,,,
Kokura,Kokura,GPE,0.25000000,0.55000000,en,1.00000000,4372717-7,1858954,A,33.80000000,130.88333000,ASIA,Japan,EAS
Elf Village,Elf Village,GPE,0.59583333,0.91000000,en,1.00000000,,0,,,,,,
F5w59ZlSZ,F5w59ZlSZ,GPE,0.00000000,0.00000000,en,1.00000000,,0,,,,,,
Nakatsu,Nakatsu,GPE,0.06818182,0.25000000,en,1.00000000,1349019682,1855757,P,33.59811000,131.18830000,ASIA,Japan,EAS
Esaka,Esaka,GPE,0.06818182,0.25000000,en,1.00000000,,1065374,P,-24.46667000,46.60000000,AFRICA,Madagascar,MDG
Kasagatake,Kasagatake,LOC,-0.15555556,0.28888889,en,1.00000000,,0,,,,,,
Walton County,Walton County,GPE,0.00000000,0.00000000,en,1.00000000,,4156042,P,30.42059000,-86.61707000,NORTH-AMERICA,United States,ENA
Miramar Beach,Miramar Beach,GPE,0.00000000,0.00000000,en,1.00000000,,4164601,P,25.98731000,-80.23227000,NORTH-AMERICA,United States,ENA
Derby,Derby,GPE,0.62500000,0.50000000,en,1.00000000,4085413-9,4832745,P,41.32065000,-73.08900000,NORTH-AMERICA,United States,ENA
Tsumura,Tsumura,GPE,-0.50000000,0.70000000,en,1.00000000,,10316222,T,33.87903000,130.99489000,ASIA,Japan,EAS
Sayoko,Sayoko,GPE,0.00000000,0.05000000,en,1.00000000,,0,,,,,,
Matsuyama City,Matsuyama City,GPE,0.00000000,0.00000000,en,1.00000000,,12625308,L,33.55348000,130.36975000,ASIA,Japan,EAS
Shinsaibashi,Shinsaibashi,GPE,0.07619048,0.24523810,en,1.00000000,,7303470,P,34.67511000,135.50031000,ASIA,Japan,EAS
@Dacho_Oukoku,@Dacho_Oukoku,GPE,0.00000000,0.00000000,en,1.00000000,,0,,,,,,
Dutchess County,Dutchess County,GPE,0.19318182,0.39393939,en,1.00000000,4119971-6,5132143,P,41.70037000,-73.92097000,NORTH-AMERICA,United States,ENA
Colorado Rockies,Colorado Rockies,GPE,-0.03333333,0.36111111,en,1.00000000,,8257129,S,40.41589000,-104.99685000,NORTH-AMERICA,United States,CNA
Ookayama,Ookayama,GPE,-0.12500000,0.66666667,en,1.00000000,,7552408,S,35.60720000,139.68483000,ASIA,Japan,EAS
Mountain View,Mountain View,GPE,0.10000000,0.40000000,en,1.00000000,,5375480,P,37.38605000,-122.08385000,NORTH-AMERICA,United States,WNA
Ishioka City,Ishioka City,GPE,0.00000000,0.00000000,en,1.00000000,,11836117,P,36.20130000,140.28406000,ASIA,Japan,EAS
Chichijima,Chichijima,LOC,0.25714286,0.71428571,en,1.00000000,,2113732,T,27.06899000,142.21407000,PACIFIC,Japan,NPO
Honjuku Irrigation Honjuku Irrigation,Honjuku Irrigation Honjuku Irrigation,LOC,-0.03541667,0.23333333,en,1.00000000,,0,,,,,,
yen</li,yen</li,GPE,0.00909091,0.22500000,en,1.00000000,,0,,,,,,
Onohara,Onohara,GPE,0.00000000,0.00000000,en,1.00000000,,1854002,T,34.04633000,139.38247000,ASIA,Japan,EAS
Toba City,Toba City,GPE,0.00000000,0.00000000,en,1.00000000,,1279876,P,31.31667000,97.70000000,ASIA,China,TIB
Shimanto City,Shimanto City,GPE,0.32000000,0.52666667,en,1.00000000,,7405898,A,33.08159000,132.85216000,ASIA,Japan,EAS
Ise City,Ise City,GPE,0.00000000,0.00000000,en,1.00000000,,5586445,A,43.98913000,-115.73024000,NORTH-AMERICA,United States,WNA
Eastern Matsusaka City,Eastern Matsusaka City,GPE,0.00000000,0.00000000,en,1.00000000,,10230581,S,34.57623000,136.53414000,ASIA,Japan,EAS
Midwestern Tsu City,Midwestern Tsu City,GPE,0.00000000,0.00000000,en,1.00000000,,0,,,,,,
Kiho Town,Kiho Town,GPE,0.00000000,0.00000000,en,1.00000000,,0,,,,,,
Kumano City,Kumano City,GPE,0.00000000,0.00000000,en,1.00000000,,0,,,,,,
Mihama,Mihama,GPE,0.00000000,0.00000000,en,1.00000000,,7411122,A,33.89562000,135.11545000,ASIA,Japan,EAS
Danube River,Danube River,LOC,-0.09351852,0.55462963,en,1.00000000,,791630,H,45.33333000,29.66667000,EUROPE,Ukraine,WCE
Odai Town,Odai Town,GPE,0.00000000,0.00000000,en,1.00000000,,0,,,,,,
Miyagawa,Miyagawa,GPE,0.00000000,0.00000000,en,1.00000000,,1856814,A,36.36667000,137.16667000,ASIA,Japan,EAS
Plaza Kumamoto,Plaza Kumamoto,GPE,0.00000000,0.00000000,en,1.00000000,,10055644,S,32.79854000,130.70865000,ASIA,Japan,EAS
Owase,Owase,GPE,0.00000000,0.00000000,en,1.00000000,,1853513,A,34.03691000,136.18308000,ASIA,Japan,EAS
Yazawa River,Yazawa River,LOC,0.00000000,0.00000000,en,1.00000000,,0,,,,,,
Sengawa River,Sengawa River,LOC,0.00000000,0.00000000,en,1.00000000,,0,,,,,,
@STY1330,@STY1330,GPE,0.00000000,0.00000000,en,1.00000000,,0,,,,,,
Tanabe City,Tanabe City,GPE,0.32000000,0.52666667,en,1.00000000,,7560297,S,34.62864000,135.52516000,ASIA,Japan,EAS
Dahiya,Dahiya,GPE,0.00000000,0.00000000,en,1.00000000,,11738758,P,20.82132000,84.00218000,ASIA,India,SAS
Keishin Ueno,Keishin Ueno,GPE,0.04404762,0.23809524,en,1.00000000,,0,,,,,,
Sakyo Ward,Sakyo Ward,GPE,0.10000000,0.30000000,en,1.00000000,,0,,,,,,
Philippine Islands,Philippine Islands,GPE,0.10000000,0.40000000,en,1.00000000,4045771-0,1694008,A,13.40882000,122.56155000,ASIA,Philippines,SEA
Shibuya WWW,Shibuya WWW,GPE,0.10000000,0.40000000,en,1.00000000,,0,,,,,,
Wakayama prefecture,Wakayama prefecture,GPE,0.00000000,0.00000000,en,1.00000000,,1926004,P,34.23333000,135.16667000,ASIA,Japan,EAS
the Hinagu Fault Zone,the Hinagu Fault Zone,GPE,0.17777778,0.86666667,en,1.00000000,,0,,,,,,
Okawa City,Okawa City,GPE,0.00000000,0.00000000,en,1.00000000,,0,,,,,,
KOREA,KOREA,GPE,-0.46666667,0.83333333,en,1.00000000,4078029-6,1835841,A,36.50000000,127.75000000,ASIA,South Korea,EAS
Vanska,Vanska,LOC,0.00000000,0.07692308,en,1.00000000,4378892-0,298117,P,38.49457000,43.38323000,ASIA,Turkey,WCA
Kamimine Town,Kamimine Town,GPE,0.00000000,0.00000000,en,1.00000000,,0,,,,,,
Shiroishi Town,Shiroishi Town,GPE,0.00000000,0.00000000,en,1.00000000,,9890416,P,33.18196000,130.18554000,ASIA,Japan,EAS
Tatebayashi City,Tatebayashi City,GPE,0.00000000,0.00000000,en,1.00000000,,0,,,,,,
Kazo City,Kazo City,GPE,0.00000000,0.00000000,en,1.00000000,,4997799,S,42.23476000,-85.55195000,NORTH-AMERICA,United States,ENA
nagaimo,nagaimo,GPE,-0.37500000,0.52500000,en,1.00000000,,0,,,,,,
Shibuya Hikarie,Shibuya Hikarie,GPE,0.00000000,0.00000000,en,1.00000000,,8030285,S,35.65892000,139.70337000,ASIA,Japan,EAS
Aina Star,Aina Star,GPE,0.50000000,0.18333333,en,1.00000000,,7094965,P,57.32630000,32.19380000,EUROPE,Russia,WCE
Kichijoji,Kichijoji,GPE,0.00000000,0.00000000,en,1.00000000,,1859521,P,35.70558000,139.57694000,ASIA,Japan,EAS
Higashiazabu,Higashiazabu,GPE,0.00000000,0.33333333,en,1.00000000,,10865321,P,35.65684000,139.74322000,ASIA,Japan,EAS
Koshi City (Tokyo Electron,Koshi City (Tokyo Electron,GPE,0.00000000,0.00000000,en,1.00000000,,0,,,,,,
Kego,Kego,LOC,0.00000000,0.00000000,en,1.00000000,,12558037,L,33.58819000,130.39942000,ASIA,Japan,EAS
Estonia,Estonia,GPE,0.39000000,0.65000000,en,1.00000000,4015587-0,453733,A,59.00000000,26.00000000,EUROPE,Estonia,NEU
Lithuania,Lithuania,GPE,0.35000000,0.65000000,en,1.00000000,4074266-0,597427,A,55.41667000,24.00000000,EUROPE,Lithuania,WCE
•,•,GPE,0.00000000,0.00000000,en,1.00000000,,0,,,,,,
Roman,Roman,GPE,0.00000000,0.00000000,en,1.00000000,,727597,A,43.15000000,23.91667000,EUROPE-AFRICA,Bulgaria,MED
Tamba Sasayama City,Tamba Sasayama City,GPE,0.10000000,0.30000000,en,1.00000000,,0,,,,,,
the Central Alps,the Central Alps,LOC,0.20000000,0.37500000,en,1.00000000,,2770433,T,47.50000000,11.50000000,EUROPE,Austria,WCE
Miyazaki,Miyazaki,GPE,0.00000000,0.00000000,en,1.00000000,4388466-0,1856717,P,31.91667000,131.41667000,ASIA,Japan,EAS
Central America Tournament,Central America Tournament,LOC,0.00625000,0.20416667,en,1.00000000,,7155702,R,45.46583000,-84.93889000,NORTH-AMERICA,United States,ENA
Decomas,Decomas,GPE,1.00000000,1.00000000,en,1.00000000,,0,,,,,,
the Kego Fault Zone,the Kego Fault Zone,LOC,-0.11666667,0.35000000,en,1.00000000,,0,,,,,,
Primorye,Primorye,GPE,-0.10000000,0.40000000,en,1.00000000,4119146-8,2013348,P,43.10562000,131.87353000,ASIA,Russia,EAS
Mikusa,Mikusa,GPE,0.00000000,0.00000000,en,1.00000000,,9290584,T,34.95022000,135.03856000,ASIA,Japan,EAS
Slovenia,Slovenia,GPE,0.25000000,0.33333333,en,1.00000000,4055302-4,3190538,A,46.08333000,15.00000000,EUROPE,Slovenia,WCE
Washington DC,Washington DC,GPE,0.65000000,0.60000000,en,1.00000000,4064682-8,4140963,P,38.89511000,-77.03637000,NORTH-AMERICA,United States,ENA
Phillies,Phillies,GPE,0.65000000,0.60000000,en,1.00000000,,6103796,H,47.46772000,-54.88466000,NORTH-AMERICA,Canada,ENA
Nunkatsu,Nunkatsu,GPE,0.13333333,0.46666667,en,1.00000000,,0,,,,,,
Nagashima Town,Nagashima Town,GPE,0.00000000,0.00000000,en,1.00000000,,0,,,,,,
Kanro,Kanro,GPE,0.03246753,0.29870130,en,1.00000000,,1333732,P,34.14060000,71.44625000,ASIA,Pakistan,WCA
Ikata Town,Ikata Town,GPE,0.00000000,0.00000000,en,1.00000000,,0,,,,,,
wwwwwwwwwwwwwwwwwwwww,wwwwwwwwwwwwwwwwwwwww,GPE,0.21428571,0.42857143,en,1.00000000,,0,,,,,,
Yanagawa City,Yanagawa City,GPE,0.00000000,0.00000000,en,1.00000000,,0,,,,,,
Zoorasia,Zoorasia,GPE,0.00000000,0.00000000,en,1.00000000,,0,,,,,,
the blue sea,the blue sea,LOC,-0.11851852,0.29629630,en,1.00000000,,5226412,H,45.35202000,-97.30069000,NORTH-AMERICA,United States,CNA
Tsukishima Temple,Tsukishima Temple,LOC,0.03750000,0.33750000,en,1.00000000,,0,,,,,,
Owada,Owada,GPE,0.00000000,0.00000000,en,1.00000000,,1853522,A,34.73333000,135.58333000,ASIA,Japan,EAS
Ogaki,Ogaki,GPE,0.30000000,0.70000000,en,1.00000000,7680559-1,1854703,P,35.35000000,136.61667000,ASIA,Japan,EAS
Suita City,Suita City,GPE,-0.36666667,0.60000000,en,1.00000000,,1857258,P,34.73684000,135.48665000,ASIA,Japan,EAS
the Amami Islands,the Amami Islands,GPE,0.16666667,0.33333333,en,1.00000000,,0,,,,,,
Ofuji,Ofuji,GPE,0.35000000,0.55000000,en,1.00000000,,10468744,S,35.20799000,138.71844000,ASIA,Japan,EAS
Sayama City,Sayama City,GPE,0.00000000,0.00000000,en,1.00000000,,0,,,,,,
time</td><td,time</td><td,GPE,0.04000000,0.12000000,en,1.00000000,,0,,,,,,
South Park,South Park,LOC,-0.05000000,0.17500000,en,1.00000000,4398110-0,4178560,P,28.60000000,-81.33924000,NORTH-AMERICA,United States,ENA
manju,manju,GPE,0.27337662,0.60649351,en,1.00000000,,7068598,L,28.72194000,67.88503000,ASIA,Pakistan,SAS
Cheese Garden's,Cheese Garden's,LOC,0.62500000,0.90000000,en,1.00000000,,0,,,,,,
JASRI,JASRI,GPE,-0.04393939,0.34242424,en,1.00000000,,7053613,P,-8.56440000,115.30900000,ASIA,Indonesia,SEA
Bikkuri Donkey,Bikkuri Donkey,GPE,0.21428571,0.27142857,en,1.00000000,,0,,,,,,
Nazarick,Nazarick,GPE,1.00000000,0.75000000,en,1.00000000,,0,,,,,,
Okinawa Thunderstorms,Okinawa Thunderstorms,LOC,-0.13333333,0.66666667,en,1.00000000,,0,,,,,,
Kaho,Kaho,GPE,-0.35000000,0.60000000,en,1.00000000,,1876356,P,38.05528000,125.24944000,ASIA,North Korea,EAS
Rome,Rome,GPE,0.25238095,0.49047619,en,1.00000000,4050471-2,3169070,P,41.89193000,12.51133000,EUROPE-AFRICA,Italy,MED
Shincho,Shincho,GPE,0.00000000,0.00000000,en,1.00000000,,1852128,P,34.60000000,133.48333000,ASIA,Japan,EAS
Vernon,Vernon,GPE,0.32424242,0.46969697,en,1.00000000,7687034-0,5127835,P,40.91260000,-73.83708000,NORTH-AMERICA,United States,ENA
Shinjuku LOFT,Shinjuku LOFT,GPE,0.10000000,0.40000000,en,1.00000000,,0,,,,,,
the Netherlands,the Netherlands,GPE,0.00000000,0.25000000,en,1.00000000,4042203-3,2750405,A,52.25000000,5.75000000,EUROPE,The Netherlands,NEU
the lake surface,the lake surface,LOC,0.00000000,0.00000000,en,1.00000000,,5417271,S,39.37027000,-106.16836000,NORTH-AMERICA,United States,WNA
Shimokitazawa SHELTER,Shimokitazawa SHELTER,GPE,0.10000000,0.40000000,en,1.00000000,,0,,,,,,
Aso Yumi,Aso Yumi,GPE,0.00000000,0.00000000,en,1.00000000,,0,,,,,,
Izu/Ogasawara Islands,Izu/Ogasawara Islands,LOC,0.00000000,0.00000000,en,1.00000000,,0,,,,,,
Kodansha,Kodansha,GPE,0.15000000,0.48333333,en,1.00000000,,0,,,,,,
Otsu,Otsu,GPE,0.01312500,0.22958333,en,1.00000000,,1853574,P,35.00000000,135.86667000,ASIA,Japan,EAS
"3-chome, Hokancho, Kita-ku","3-chome, Hokancho, Kita-ku",LOC,0.00000000,0.16666667,en,1.00000000,,0,,,,,,
Shirakawa,Shirakawa,GPE,0.00000000,0.00000000,en,1.00000000,,2111029,A,37.12225000,140.24963000,ASIA,Japan,EAS
Nusantara,Nusantara,GPE,-0.09545455,0.52556818,en,1.00000000,1352303094,12448924,A,-0.69528000,102.94333000,ASIA,Indonesia,SEA
Okushiri Island,Okushiri Island,GPE,-0.05000000,0.55000000,en,1.00000000,,6300341,S,42.07167000,139.43291000,ASIA,Japan,EAS
Iida City,Iida City,GPE,0.15000000,0.41666667,en,1.00000000,,0,,,,,,
the Tenryu River,the Tenryu River,LOC,0.15000000,0.41666667,en,1.00000000,,0,,,,,,
Perla,Perla,GPE,0.10000000,0.42500000,en,1.00000000,4326366-5,4566880,P,18.01031000,-66.62398000,CENTRAL-AMERICA,Puerto Rico,CAR
Nagoya city,Nagoya city,GPE,-0.18125000,0.46875000,en,1.00000000,,1856057,P,35.18147000,136.90641000,ASIA,Japan,EAS
Kitagawa,Kitagawa,GPE,0.25000000,0.37500000,en,1.00000000,,1859345,A,32.73333000,131.66667000,ASIA,Japan,EAS
Cebu,Cebu,GPE,0.00000000,0.00000000,en,1.00000000,4323998-5,1717513,T,10.33333000,123.75000000,ASIA,Philippines,SEA
Nashville,Nashville,GPE,-0.15000000,0.51666667,en,1.00000000,4102368-7,4644585,P,36.16589000,-86.78444000,NORTH-AMERICA,United States,ENA
Liverpool,Liverpool,GPE,-0.09166667,0.36944444,en,1.00000000,4036068-4,2644210,P,53.41058000,-2.97794000,EUROPE,United Kingdom,NEU
Yokozawa,Yokozawa,GPE,0.05000000,0.55000000,en,1.00000000,,8992098,P,37.41962000,140.14560000,ASIA,Japan,EAS
Tobishima,Tobishima,GPE,0.00000000,0.06666667,en,1.00000000,,1850317,A,39.18333000,139.55000000,ASIA,Japan,EAS
Iruma City,Iruma City,GPE,-0.10000000,0.50000000,en,1.00000000,,0,,,,,,
Oguni,Oguni,GPE,0.00000000,0.06666667,en,1.00000000,,8530543,H,40.35908000,140.94997000,ASIA,Japan,EAS
Oizawa,Oizawa,GPE,0.00000000,0.06666667,en,1.00000000,,2111473,T,38.36667000,140.00000000,ASIA,Japan,EAS
Shinbashi,Shinbashi,GPE,0.00000000,0.00000000,en,1.00000000,,11446726,P,43.00520000,144.37434000,ASIA,Japan,EAS
Nanyo City,Nanyo City,GPE,0.35000000,0.55000000,en,1.00000000,,1840377,P,37.20889000,126.81667000,ASIA,South Korea,EAS
Jochu,Jochu,GPE,0.50000000,0.50000000,en,1.00000000,,0,,,,,,
6-chome river,6-chome river,LOC,0.01250000,0.19083333,en,1.00000000,,0,,,,,,
The Nansei Islands,The Nansei Islands,LOC,-0.10000000,0.40000000,en,1.00000000,,0,,,,,,
Rishiri,Rishiri,GPE,0.35714286,0.57142857,en,1.00000000,,6300342,S,45.24201000,141.18643000,ASIA,Japan,RFE
KADOKAWA,KADOKAWA,GPE,0.00000000,0.00000000,en,1.00000000,,7573216,S,32.50792000,131.64065000,ASIA,Japan,EAS
Peroponeso,Peroponeso,GPE,0.00000000,0.00000000,en,1.00000000,,0,,,,,,
Eastern Tama Earthquake,Eastern Tama Earthquake,LOC,-0.01250000,0.03750000,en,1.00000000,,0,,,,,,
-2.1,-2.1,LOC,-0.01969697,0.41969697,en,1.00000000,4040185-6,2992166,P,43.61093000,3.87635000,EUROPE-AFRICA,France,MED
Wakkanai,Wakkanai,GPE,0.35714286,0.57142857,en,1.00000000,,2127515,P,45.40944000,141.67389000,ASIA,Japan,RFE
Semboku City,Semboku City,GPE,0.00000000,0.00000000,en,1.00000000,,0,,,,,,
Lemokichi,Lemokichi,GPE,0.15972222,0.56666667,en,1.00000000,,0,,,,,,
Kagonma Market,Kagonma Market,GPE,0.13636364,0.45454545,en,1.00000000,,0,,,,,,
Komatsu,Komatsu,GPE,0.35714286,0.57142857,en,1.00000000,,6300367,S,36.39461000,136.40654000,ASIA,Japan,EAS
Okushiri,Okushiri,GPE,0.35714286,0.57142857,en,1.00000000,,6300341,S,42.07167000,139.43291000,ASIA,Japan,EAS
Hikone City (,Hikone City (,GPE,0.01500000,0.47500000,en,1.00000000,,0,,,,,,
Uchibo,Uchibo,GPE,0.00000000,0.41666667,en,1.00000000,,0,,,,,,
Poteto-kun,Poteto-kun,GPE,0.00000000,0.50000000,en,1.00000000,,0,,,,,,
Nakano,Nakano,GPE,0.15833333,0.54166667,en,1.00000000,,8715035,P,35.70449000,139.66946000,ASIA,Japan,EAS
Gifu Full,Gifu Full,GPE,0.35000000,0.55000000,en,1.00000000,,0,,,,,,
Yuya,Yuya,GPE,0.00000000,0.00000000,en,1.00000000,,0,,,,,,
Cordoba,Cordoba,GPE,-0.01250000,0.38750000,en,1.00000000,4213162-5,3860259,P,-31.40648000,-64.18853000,SOUTH-AMERICA,Argentina,SES
Barcelona,Barcelona,GPE,0.05000000,0.20000000,en,1.00000000,4004503-1,3128760,P,41.38879000,2.15899000,EUROPE-AFRICA,Spain,MED
Jelida,Jelida,GPE,0.05000000,0.20000000,en,1.00000000,,2472175,H,32.88333000,10.96667000,EUROPE-AFRICA,Tunisia,MED
Hakata,Hakata,GPE,0.40000000,0.40000000,en,1.00000000,4125989-0,1863967,P,33.60000000,130.41667000,ASIA,Japan,EAS
Numata Town,Numata Town,GPE,0.00000000,0.00000000,en,1.00000000,,0,,,,,,
Sasayama,Sasayama,GPE,0.00000000,0.00000000,en,1.00000000,,1852901,P,35.06667000,135.21667000,ASIA,Japan,EAS
Koyabuchi,Koyabuchi,GPE,0.04000000,0.33333333,en,1.00000000,,0,,,,,,
Hitachiota City,Hitachiota City,GPE,0.00000000,0.00000000,en,1.00000000,,0,,,,,,
the Soviet Union,the Soviet Union,GPE,-0.00000000,0.15000000,en,1.00000000,,4138541,S,38.90344000,-77.03942000,NORTH-AMERICA,United States,ENA
"​​1,244,500 hectares","​​1,244,500 hectares",LOC,0.00000000,0.00000000,en,1.00000000,,0,,,,,,
East-West,East-West,LOC,0.00000000,0.00000000,en,1.00000000,,7839117,H,13.48100000,144.73350000,PACIFIC,Guam,NPO
Keiichiro,Keiichiro,GPE,0.40000000,0.37500000,en,1.00000000,,0,,,,,,
`Kingdom of Citago'',`Kingdom of Citago'',GPE,-0.06250000,0.50000000,en,1.00000000,,0,,,,,,
Tottori City,Tottori City,GPE,-0.12500000,0.37500000,en,1.00000000,,0,,,,,,
Chugoku-Shikoku,Chugoku-Shikoku,GPE,0.15000000,0.65000000,en,1.00000000,,0,,,,,,
Hijiori,Hijiori,GPE,0.08214286,0.40714286,en,1.00000000,,0,,,,,,
Sukayu,Sukayu,GPE,0.08214286,0.40714286,en,1.00000000,,8549305,H,40.65027000,140.85160000,ASIA,Japan,EAS
Seta,Seta,GPE,0.00000000,0.00000000,en,1.00000000,,2974733,P,43.40280000,3.69278000,EUROPE-AFRICA,France,MED
Setagaya Ward,Setagaya Ward,GPE,0.00000000,0.00000000,en,1.00000000,,0,,,,,,
Inada Embankment,Inada Embankment,LOC,0.10892857,0.49642857,en,1.00000000,,0,,,,,,
the Kuji Kasumi Embankment,the Kuji Kasumi Embankment,LOC,0.10892857,0.49642857,en,1.00000000,,0,,,,,,
the Hirase River,the Hirase River,LOC,0.10892857,0.49642857,en,1.00000000,,0,,,,,,
sunny Pacific,sunny Pacific,LOC,-0.60000000,1.00000000,en,1.00000000,,7315209,P,37.56938000,-118.67584000,NORTH-AMERICA,United States,WNA
Ajiko-san,Ajiko-san,GPE,0.70000000,0.60000000,en,1.00000000,,0,,,,,,
Cairo,Cairo,GPE,0.35833333,0.81666667,en,1.00000000,4029236-8,360630,P,30.06263000,31.24967000,EUROPE-AFRICA,Egypt,MED
Mihama City,Mihama City,GPE,0.19318182,0.60227273,en,1.00000000,,0,,,,,,
New City,New City,GPE,0.19318182,0.60227273,en,1.00000000,4042011-5,5128581,P,40.71427000,-74.00597000,NORTH-AMERICA,United States,ENA
Homa,Homa,GPE,0.41666667,0.50000000,en,1.00000000,,7667665,A,-0.66600000,34.48100000,AFRICA,Kenya,SEAF
Hokuto City,Hokuto City,GPE,0.00000000,0.00000000,en,1.00000000,,0,,,,,,
Fujioka City,Fujioka City,GPE,0.00000000,0.00000000,en,1.00000000,,0,,,,,,
Kaminohino,Kaminohino,GPE,0.00000000,0.00000000,en,1.00000000,,0,,,,,,
Rekiken,Rekiken,GPE,0.00000000,0.06666667,en,1.00000000,,0,,,,,,
Shinonome,Shinonome,GPE,0.00000000,0.06666667,en,1.00000000,,11713186,H,43.26841000,143.13769000,ASIA,Japan,EAS
Shinonome-san,Shinonome-san,GPE,0.50000000,0.60000000,en,1.00000000,,0,,,,,,
Todoroki Green Park,Todoroki Green Park,GPE,-0.10000000,0.15000000,en,1.00000000,,0,,,,,,
Ritto City,Ritto City,GPE,-0.06250000,0.18750000,en,1.00000000,,0,,,,,,
Kusatsu City,Kusatsu City,GPE,-0.06250000,0.18750000,en,1.00000000,,7562217,S,34.37810000,132.39847000,ASIA,Japan,EAS
Nonoichi City Shiga Prefecture,Nonoichi City Shiga Prefecture,GPE,-0.06250000,0.18750000,en,1.00000000,,0,,,,,,
Takahama City Gifu Prefecture,Takahama City Gifu Prefecture,GPE,-0.06250000,0.18750000,en,1.00000000,,0,,,,,,
Tokai City,Tokai City,GPE,-0.06250000,0.18750000,en,1.00000000,,3360456,P,-34.06667000,18.43333000,AFRICA,South Africa,WSAF
Chiryu City,Chiryu City,GPE,-0.06250000,0.18750000,en,1.00000000,,0,,,,,,
Obu City,Obu City,GPE,-0.06250000,0.18750000,en,1.00000000,,6577388,P,37.31306000,127.26500000,ASIA,South Korea,EAS
Nisshin City,Nisshin City,GPE,-0.06250000,0.18750000,en,1.00000000,,0,,,,,,
Kariya City,Kariya City,GPE,-0.06250000,0.18750000,en,1.00000000,,0,,,,,,
Anjo City,Anjo City,GPE,-0.06250000,0.18750000,en,1.00000000,16094372-3,1846912,P,37.01083000,127.27028000,ASIA,South Korea,EAS
Tokai Region,Tokai Region,GPE,-0.06250000,0.18750000,en,1.00000000,,1850221,L,35.00000000,137.50000000,ASIA,Japan,EAS
Shiki City,Shiki City,GPE,-0.06250000,0.18750000,en,1.00000000,,0,,,,,,
Fujimino City Yoshikawa City,Fujimino City Yoshikawa City,GPE,-0.06250000,0.18750000,en,1.00000000,,0,,,,,,
Misato City,Misato City,GPE,-0.06250000,0.18750000,en,1.00000000,,1856987,A,35.83221000,139.87185000,ASIA,Japan,EAS
Toda City,Toda City,GPE,-0.06250000,0.18750000,en,1.00000000,,5048555,P,46.35552000,-94.79224000,NORTH-AMERICA,United States,CNA
Kawaguchi City,Kawaguchi City,GPE,-0.06250000,0.18750000,en,1.00000000,,1850104,P,34.68111000,135.47983000,ASIA,Japan,EAS
Inzai City,Inzai City,GPE,-0.06250000,0.18750000,en,1.00000000,,0,,,,,,
Kisarazu City,Kisarazu City,GPE,-0.06250000,0.18750000,en,1.00000000,,0,,,,,,
Urayasu City,Urayasu City,GPE,-0.06250000,0.18750000,en,1.00000000,,0,,,,,,
Kanto Region,Kanto Region,GPE,-0.06250000,0.18750000,en,1.00000000,,1860102,L,36.25000000,139.50000000,ASIA,Japan,EAS
Winter BPC,Winter BPC,GPE,0.00000000,0.00000000,en,1.00000000,,0,,,,,,
BuriKaigi,BuriKaigi,GPE,0.00000000,0.00000000,en,1.00000000,,0,,,,,,
Kawasaki City’s,Kawasaki City’s,GPE,-0.03333333,0.23333333,en,1.00000000,,0,,,,,,
Sedona,Sedona,GPE,-0.08750000,0.18750000,en,1.00000000,4435716-3,5313667,P,34.86974000,-111.76099000,NORTH-AMERICA,United States,WNA
M7.6,M7.6,GPE,0.00000000,0.00000000,en,1.00000000,,0,,,,,,
Ebigase,Ebigase,GPE,0.00000000,0.00000000,en,1.00000000,,0,,,,,,
Minneapolis,Minneapolis,GPE,-0.50000000,1.00000000,en,1.00000000,4039497-9,5037649,P,44.97997000,-93.26384000,NORTH-AMERICA,United States,CNA
New Jersey,New Jersey,GPE,0.06704545,0.56931818,en,1.00000000,4442932-0,5099836,P,40.72816000,-74.07764000,NORTH-AMERICA,United States,ENA
Red Bank,Red Bank,GPE,0.06704545,0.56931818,en,1.00000000,,4652341,P,35.11229000,-85.29413000,NORTH-AMERICA,United States,ENA
Shinosuke,Shinosuke,GPE,0.10000000,0.40000000,en,1.00000000,,0,,,,,,
Nikaryo-Kamikawara Weir River,Nikaryo-Kamikawara Weir River,LOC,0.00000000,0.00000000,en,1.00000000,,0,,,,,,
Gotanda River,Gotanda River,LOC,0.00000000,0.00000000,en,1.00000000,,0,,,,,,
Mikawa,Mikawa,LOC,0.16666667,0.33333333,en,1.00000000,,1857285,A,34.20000000,132.00000000,ASIA,Japan,EAS
the Mikawa Earthquake,the Mikawa Earthquake,LOC,-0.18333333,0.46666667,en,1.00000000,,0,,,,,,
Tsuruga,Tsuruga,GPE,-0.07142857,0.14285714,en,1.00000000,4309642-6,1849592,P,35.65300000,136.06331000,ASIA,Japan,EAS
WMO,WMO,LOC,0.22500000,0.50000000,en,1.00000000,,5877988,S,64.68795000,-163.40905000,NORTH-AMERICA,United States,NWN
Nishinomiya City,Nishinomiya City,GPE,0.08000000,0.27000000,en,1.00000000,,1855206,P,36.75561000,137.23107000,ASIA,Japan,EAS
Naruohama,Naruohama,GPE,0.08000000,0.27000000,en,1.00000000,,9289953,P,34.69583000,135.36195000,ASIA,Japan,EAS
Yamabashi Yakuhin,Yamabashi Yakuhin,GPE,0.00000000,1.00000000,en,1.00000000,,0,,,,,,
Xiaomi Japan's,Xiaomi Japan's,GPE,0.00568182,0.41477273,en,1.00000000,,0,,,,,,
Aizuwakamatsu City,Aizuwakamatsu City,GPE,0.27083333,0.54166667,en,1.00000000,,0,,,,,,
Italia,Italia,GPE,0.00000000,0.00000000,en,1.00000000,4027833-5,3175395,A,42.83333000,12.83333000,EUROPE-AFRICA,Italy,MED
Typhoon Nocaen,Typhoon Nocaen,LOC,0.00000000,0.00000000,en,1.00000000,,0,,,,,,
Yamabashi Yakuho,Yamabashi Yakuho,GPE,0.00000000,0.00000000,en,1.00000000,,0,,,,,,
Nishinomiya City Land,Nishinomiya City Land,GPE,0.20000000,0.56250000,en,1.00000000,,0,,,,,,
Anan City,Anan City,GPE,0.00000000,0.25000000,en,1.00000000,,5844369,H,56.18250000,-131.88917000,NORTH-AMERICA,United States,NWN
Chikugo City,Chikugo City,GPE,0.36666667,0.50000000,en,1.00000000,,0,,,,,,
Austria,Austria,GPE,0.00277778,0.54166667,en,1.00000000,4043271-3,2782113,A,47.33333000,13.33333000,EUROPE,Austria,WCE
Towada,Towada,GPE,-0.34166667,0.55833333,en,1.00000000,4254766-0,2127678,H,40.46722000,140.88556000,ASIA,Japan,EAS
Saaya,Saaya,GPE,0.00000000,0.00000000,en,1.00000000,,0,,,,,,
Calbee,Calbee,GPE,0.00000000,0.00000000,en,1.00000000,,0,,,,,,
Sakai City,Sakai City,GPE,0.00000000,0.00000000,en,1.00000000,,1851437,P,34.61429000,135.49580000,ASIA,Japan,EAS
Aoto,Aoto,GPE,0.50000000,0.60000000,en,1.00000000,,1865232,P,35.74974000,139.85405000,ASIA,Japan,EAS
Ikoma City,Ikoma City,GPE,0.00000000,0.00000000,en,1.00000000,,0,,,,,,
Nagatacho,Nagatacho,GPE,-0.60000000,1.00000000,en,1.00000000,,1856112,P,35.67937000,139.74009000,ASIA,Japan,EAS
Boso,Boso,GPE,-0.07500000,0.31500000,en,1.00000000,,0,,,,,,
North London,North London,GPE,-0.12500000,0.37500000,en,1.00000000,4433162-9,4839416,P,41.35565000,-72.09952000,NORTH-AMERICA,United States,ENA
Normal Hill,Normal Hill,LOC,0.07500000,0.45000000,en,1.00000000,,4335333,L,31.75155000,-93.09572000,NORTH-AMERICA,United States,CNA
South Sulawesi,South Sulawesi,GPE,0.05000000,0.70000000,en,1.00000000,,9062340,T,-2.13154000,120.28888000,ASIA,Indonesia,SEA
Seiya,Seiya,GPE,0.00000000,0.37500000,en,1.00000000,,5080164,A,40.17629000,-97.59492000,NORTH-AMERICA,United States,CNA
Tenipuri,Tenipuri,GPE,0.00000000,0.37500000,en,1.00000000,,0,,,,,,
Reborn,Reborn,LOC,0.00000000,0.37500000,en,1.00000000,4568147-8,2849386,P,49.73333000,7.68333000,EUROPE,Germany,WCE
Kurobasu,Kurobasu,GPE,0.00000000,0.37500000,en,1.00000000,,0,,,,,,
Bangkok,Bangkok,GPE,0.00000000,0.00000000,en,1.00000000,4004432-4,1609350,P,13.75398000,100.50144000,ASIA,Thailand,SEA
U.S.A.,U.S.A.,GPE,-0.25000000,0.25000000,en,1.00000000,,0,,,,,,
VT,VT,GPE,-0.25000000,0.25000000,en,1.00000000,4350641-0,1651944,P,17.96667000,102.60000000,ASIA,Laos,SEA
Putney,Putney,GPE,-0.25000000,0.25000000,en,1.00000000,1266316329,2639835,P,51.46072000,-0.21814000,EUROPE,United Kingdom,NEU
Garapan,Garapan,GPE,0.15000000,0.42500000,en,1.00000000,,4041245,T,15.20530000,145.72550000,PACIFIC,Northern Mariana Islands,NPO
Tahara City,Tahara City,GPE,0.60000000,0.90000000,en,1.00000000,1069681016,1851260,P,34.17554000,132.50061000,ASIA,Japan,EAS
Kawazu,Kawazu,GPE,0.00000000,0.00000000,en,1.00000000,,1859609,A,34.78610000,138.95261000,ASIA,Japan,EAS
East Exit,East Exit,LOC,0.00000000,0.00000000,en,1.00000000,,7266453,L,39.94833000,-86.00639000,NORTH-AMERICA,United States,ENA
Shengyuan,Shengyuan,GPE,1.00000000,1.00000000,en,1.00000000,,9616663,A,37.42211000,118.46188000,ASIA,China,EAS
Kasumi Minami,Kasumi Minami,GPE,0.37500000,0.75000000,en,1.00000000,,0,,,,,,
Yadoame,Yadoame,GPE,0.00000000,0.00000000,en,1.00000000,,0,,,,,,
Aomori Prefecture East,Aomori Prefecture East,LOC,-0.10000000,0.60000000,en,1.00000000,,12909090,L,41.22364000,140.56768000,ASIA,Japan,EAS
the Higashikawa basin,the Higashikawa basin,LOC,-0.05000000,0.40000000,en,1.00000000,,0,,,,,,
Valtelina,Valtelina,GPE,-0.41250000,0.52083333,en,1.00000000,4108175-4,3860697,P,-31.05273000,-62.23433000,SOUTH-AMERICA,Argentina,SES
The Wakayama District Public Prosecutors Office,The Wakayama District Public Prosecutors Office,GPE,-0.08750000,0.20694444,en,1.00000000,,0,,,,,,
the Kinokawa River,the Kinokawa River,LOC,-0.05185185,0.09629630,en,1.00000000,,0,,,,,,
Uzushi,Uzushi,GPE,0.00000000,0.00000000,en,1.00000000,,0,,,,,,
Nogawa,Nogawa,GPE,0.00000000,0.06666667,en,1.00000000,,10867011,L,35.68306000,139.52403000,ASIA,Japan,EAS
Kiyokawa Village,Kiyokawa Village,GPE,0.00000000,0.00000000,en,1.00000000,,0,,,,,,
Aikawa Town,Aikawa Town,GPE,0.00000000,0.00000000,en,1.00000000,,0,,,,,,
Cornwall,Cornwall,GPE,0.00000000,0.28333333,en,1.00000000,4010579-9,3490851,L,18.25000000,-77.90000000,CENTRAL-AMERICA,Jamaica,CAR
Devon,Devon,GPE,0.00000000,0.28333333,en,1.00000000,4070441-5,11609025,L,50.75120000,-3.81027000,EUROPE,United Kingdom,NEU
Sanzentenki.jp,Sanzentenki.jp,GPE,0.00000000,0.00000000,en,1.00000000,,0,,,,,,
Shigaraki,Shigaraki,GPE,0.00000000,0.00000000,en,1.00000000,4607123-4,1852550,A,34.86667000,136.03333000,ASIA,Japan,EAS
Yunasumi,Yunasumi,GPE,0.00000000,0.32500000,en,1.00000000,,0,,,,,,
Aston Villa,Aston Villa,GPE,0.02777778,0.16666667,en,1.00000000,,0,,,,,,
Gulliver,Gulliver,GPE,0.47500000,0.92500000,en,1.00000000,,6634327,T,-66.19412000,-62.69461000,POLAR,Antarctica,WAN
the Sea of ​​Japan and northern Japan,the Sea of ​​Japan and northern Japan,LOC,0.37500000,0.87500000,en,1.00000000,,0,,,,,,
Fuchu Kaido,Fuchu Kaido,LOC,-0.15000000,0.45000000,en,1.00000000,,0,,,,,,
・All,・All,GPE,0.00000000,0.00000000,en,1.00000000,,0,,,,,,
Taichung,Taichung,GPE,0.25000000,0.33333333,en,1.00000000,4119496-2,1668399,P,24.14690000,120.68390000,ASIA,Taiwan,EAS
Shikajima,Shikajima,LOC,1.00000000,0.75000000,en,1.00000000,,0,,,,,,
Colorado,Colorado,GPE,-0.07777778,0.58611111,en,1.00000000,4010406-0,5417618,A,39.00027000,-105.50083000,NORTH-AMERICA,United States,WNA
Gakuenkita,Gakuenkita,GPE,-0.40000000,0.60000000,en,1.00000000,,0,,,,,,
Hakone Town,Hakone Town,GPE,0.21666667,0.45000000,en,1.00000000,,0,,,,,,
the Joetsu plains,the Joetsu plains,LOC,-0.11000000,0.51500000,en,1.00000000,,0,,,,,,
Tendo City,Tendo City,GPE,-0.17142857,0.63214286,en,1.00000000,,0,,,,,,
the Ash Tribe,the Ash Tribe,LOC,0.00000000,0.00000000,en,1.00000000,,0,,,,,,
Mala Tang,Mala Tang,GPE,0.21000000,0.33166667,en,1.00000000,,6927307,L,28.99440000,54.00830000,ASIA,Iran,WCA
Nichinan,Nichinan,GPE,-0.03750000,0.29166667,en,1.00000000,504451-0,1855476,P,31.60000000,131.36667000,ASIA,Japan,EAS
Palm Jumeirah,Palm Jumeirah,GPE,0.50000000,1.00000000,en,1.00000000,,6691113,P,25.11607000,55.13506000,ASIA,United Arab Emirates,ARP
M1E3,M1E3,GPE,0.36111111,0.57777778,en,1.00000000,,0,,,,,,
Detroit,Detroit,GPE,0.11727273,0.38090909,en,1.00000000,4011559-8,4990729,P,42.33143000,-83.04575000,NORTH-AMERICA,United States,ENA
Niwasaka,Niwasaka,GPE,0.16666667,0.33333333,en,1.00000000,,2111606,A,37.76667000,140.33333000,ASIA,Japan,EAS
Sankei,Sankei,GPE,0.00000000,0.00000000,en,1.00000000,,2130349,T,43.66667000,142.66667000,ASIA,Japan,EAS
Yomiuri,Yomiuri,GPE,0.00000000,0.00000000,en,1.00000000,,7551996,S,35.63296000,139.51720000,ASIA,Japan,EAS
​​southeastern Australia,​​southeastern Australia,LOC,0.00000000,0.40000000,en,1.00000000,,0,,,,,,
Koshigaya City,Koshigaya City,GPE,0.00000000,0.00000000,en,1.00000000,,0,,,,,,
Pome-san'',Pome-san'',GPE,-0.11296296,0.72777778,en,1.00000000,,0,,,,,,
Michon,Michon,GPE,0.00000000,0.00000000,en,1.00000000,,6053874,L,50.22514000,-62.02823000,NORTH-AMERICA,Canada,NEN
the JR Joetsu Line,the JR Joetsu Line,LOC,0.25000000,0.85000000,en,1.00000000,,0,,,,,,
Akita City,Akita City,GPE,0.25000000,0.85000000,en,1.00000000,,10229614,S,39.71965000,140.11349000,ASIA,Japan,EAS
Sugito,Sugito,GPE,0.05000000,0.14444444,en,1.00000000,,1851504,P,36.03107000,139.72636000,ASIA,Japan,EAS
West Bengal,West Bengal,GPE,0.00000000,0.40000000,en,1.00000000,4029344-0,1275004,P,22.56263000,88.36304000,ASIA,India,SAS
Savannah,Savannah,GPE,0.12500000,0.42500000,en,1.00000000,,12105074,A,9.15000000,-1.60000000,AFRICA,Ghana,WAF
Tateyama City,Tateyama City,GPE,0.00000000,0.00000000,en,1.00000000,,7549391,S,38.30167000,140.37065000,ASIA,Japan,EAS
Minamiboso City,Minamiboso City,GPE,0.00000000,0.00000000,en,1.00000000,,0,,,,,,
Minamiboso,Minamiboso,LOC,0.00000000,0.00000000,en,1.00000000,,7465521,A,35.03657000,139.92847000,ASIA,Japan,EAS
Varan,Varan,GPE,-0.25000000,0.66666667,en,1.00000000,,36213,P,32.73830000,48.21330000,ASIA,Iran,WCA
the Nippon Budokan,the Nippon Budokan,LOC,-0.06666667,0.20000000,en,1.00000000,,0,,,,,,
Ito,Ito,GPE,0.00000000,0.00000000,en,1.00000000,1185419055,1861290,P,34.96667000,139.08333000,ASIA,Japan,EAS
SXSW,SXSW,GPE,0.32500000,0.37083333,en,1.00000000,,0,,,,,,
Nippon Ichi Software,Nippon Ichi Software,GPE,-0.01910946,0.60371058,en,1.00000000,,0,,,,,,
Shobara City,Shobara City,GPE,0.35000000,0.55000000,en,1.00000000,,0,,,,,,
Mimasaka City,Mimasaka City,GPE,0.35000000,0.55000000,en,1.00000000,,0,,,,,,
Kaminagata,Kaminagata,GPE,0.35000000,0.55000000,en,1.00000000,,11338439,P,33.03977000,130.52959000,ASIA,Japan,EAS
Higashimatsushima/KIBOTCHA,Higashimatsushima/KIBOTCHA,GPE,0.25000000,0.33333333,en,1.00000000,,0,,,,,,
Tama Hills,Tama Hills,GPE,0.10000000,0.40000000,en,1.00000000,,4860518,L,42.26388000,-92.30852000,NORTH-AMERICA,United States,CNA
the Sea of Japan coast,the Sea of Japan coast,LOC,-0.17166667,0.52166667,en,1.00000000,,0,,,,,,
the Nagano area,the Nagano area,LOC,0.00000000,0.00000000,en,1.00000000,,0,,,,,,
Nakano-Iiyama,Nakano-Iiyama,LOC,-0.10000000,0.40000000,en,1.00000000,,0,,,,,,
Great Britain,Great Britain,GPE,0.00000000,0.46250000,en,1.00000000,4022153-2,2635167,A,54.75844000,-2.69531000,EUROPE,United Kingdom,NEU
Great Britain's,Great Britain's,GPE,0.33000000,0.50000000,en,1.00000000,4022153-2,2635167,A,54.75844000,-2.69531000,EUROPE,United Kingdom,NEU
Chichibu City,Chichibu City,GPE,0.00000000,0.00000000,en,1.00000000,,0,,,,,,
New erotic,New erotic,GPE,0.42759740,0.64199134,en,1.00000000,,0,,,,,,
Fukushima District 1,Fukushima District 1,LOC,0.05555556,0.21111111,en,1.00000000,,0,,,,,,
the Noto Peninsula Full,the Noto Peninsula Full,LOC,0.35000000,0.55000000,en,1.00000000,,0,,,,,,
Wakkanai City,Wakkanai City,GPE,0.00000000,0.30000000,en,1.00000000,,2127514,H,45.41160000,141.69276000,ASIA,Japan,RFE
Mallorca,Mallorca,GPE,0.00000000,0.00000000,en,1.00000000,4115833-7,2512989,P,39.56939000,2.65024000,EUROPE-AFRICA,Spain,MED
Westland,Westland,GPE,0.00000000,0.00000000,en,1.00000000,,5014681,P,42.32420000,-83.40021000,NORTH-AMERICA,United States,ENA
Suwanosejima,Suwanosejima,GPE,0.00000000,0.00000000,en,1.00000000,,1851365,T,29.63748000,129.70937000,ASIA,Japan,EAS
Ukyo,Ukyo,GPE,-0.26666667,0.51666667,en,1.00000000,,7303471,P,35.01481000,135.67755000,ASIA,Japan,EAS
Kota,Kota,LOC,0.35000000,0.55000000,en,1.00000000,4029924-7,289688,A,25.50000000,51.25000000,ASIA,Qatar,ARP
BPC,BPC,LOC,0.00000000,0.00000000,en,1.00000000,4382384-1,2234974,P,5.95970000,10.14597000,AFRICA,Cameroon,WAF
Nakahara,Nakahara,GPE,0.14384470,0.40066288,en,1.00000000,4117760-5,8572836,P,35.66809000,139.57044000,ASIA,Japan,EAS
Peru,Peru,GPE,-0.15000000,0.20000000,en,1.00000000,4045312-1,3932488,A,-10.00000000,-75.25000000,SOUTH-AMERICA,Peru,NWS
Ikakuya,Ikakuya,GPE,0.00000000,0.12500000,en,1.00000000,,0,,,,,,
eastern Kanagawa Prefecture,eastern Kanagawa Prefecture,LOC,0.00000000,0.00000000,en,1.00000000,4192186-0,1848354,P,35.43333000,139.65000000,ASIA,Japan,EAS
Mutsu City Library,Mutsu City Library,GPE,0.00000000,0.00000000,en,1.00000000,,0,,,,,,
Satoful,Satoful,GPE,0.00000000,0.00000000,en,1.00000000,,0,,,,,,
Iwate Prefecture Ichi…,Iwate Prefecture Ichi…,GPE,0.00000000,0.00000000,en,1.00000000,,0,,,,,,
Shichinohe,Shichinohe,GPE,0.00000000,0.00000000,en,1.00000000,,2128194,P,40.69111000,141.15472000,ASIA,Japan,EAS
Nakadomari Town,Nakadomari Town,GPE,0.00000000,0.00000000,en,1.00000000,,1893547,P,26.34624000,126.74833000,ASIA,Japan,EAS
Imabetsu Town,Imabetsu Town,GPE,0.00000000,0.00000000,en,1.00000000,,0,,,,,,
Ta City,Ta City,GPE,0.00000000,0.00000000,en,1.00000000,4118295-9,5780993,P,40.76078000,-111.89105000,NORTH-AMERICA,United States,WNA
Towa,Towa,GPE,0.00000000,0.00000000,en,1.00000000,,1849885,A,33.21667000,132.88333000,ASIA,Japan,EAS
Shiranai Town,Shiranai Town,GPE,0.00000000,0.00000000,en,1.00000000,,0,,,,,,
Teikoku,Teikoku,GPE,0.54166667,0.70833333,en,1.00000000,,6695390,S,35.67670000,139.76064000,ASIA,Japan,EAS
Tamagawa Ryokuchi Park Ground,Tamagawa Ryokuchi Park Ground,GPE,0.14384470,0.40066288,en,1.00000000,,0,,,,,,
NTT East's,NTT East's,LOC,-0.12166667,0.50500000,en,1.00000000,,0,,,,,,
Kawaragi,Kawaragi,GPE,0.05833333,0.32500000,en,1.00000000,,8311687,P,40.53991000,141.46497000,ASIA,Japan,EAS
Shinhidaka Town,Shinhidaka Town,GPE,0.00000000,0.00000000,en,1.00000000,,0,,,,,,
Abira Town,Abira Town,GPE,0.00000000,0.00000000,en,1.00000000,,11101915,A,2.52051000,30.90052000,AFRICA,Uganda,NEAF
Shinshinotsu Village,Shinshinotsu Village,GPE,0.00000000,0.00000000,en,1.00000000,,0,,,,,,
Kitami City,Kitami City,GPE,-0.04500000,0.30000000,en,1.00000000,,0,,,,,,
Aomori - Earthquake,Aomori - Earthquake,GPE,-0.05833333,0.35833333,en,1.00000000,,0,,,,,,
Yuudachi,Yuudachi,GPE,0.00000000,0.00000000,en,1.00000000,,0,,,,,,
Sichuan province,Sichuan province,GPE,0.03125000,0.25000000,en,1.00000000,4249575-1,1815286,P,30.66667000,104.06667000,ASIA,China,EAS
North America,North America,LOC,0.16666667,0.50000000,en,1.00000000,,0,,,,,,
the JR East Mito Branch,the JR East Mito Branch,LOC,0.07500000,0.52500000,en,1.00000000,,0,,,,,,
Narita City,Narita City,GPE,0.00000000,0.00000000,en,1.00000000,,10113713,S,35.77759000,140.31124000,ASIA,Japan,EAS
Oarai Town,Oarai Town,GPE,0.14000000,0.62000000,en,1.00000000,,2111567,P,36.31409000,140.58389000,ASIA,Japan,EAS
Iwanuma City,Iwanuma City,GPE,0.02250000,0.39000000,en,1.00000000,,0,,,,,,
Lugansk,Lugansk,GPE,0.25000000,0.25000000,en,1.00000000,,702658,P,48.56952000,39.32857000,EUROPE,Ukraine,WCE
Aomori River,Aomori River,LOC,0.00000000,0.00000000,en,1.00000000,,2129874,H,41.01667000,140.36667000,ASIA,Japan,EAS
Konehito,Konehito,GPE,0.00000000,0.00000000,en,1.00000000,,0,,,,,,
Iwate Miyako City,Iwate Miyako City,GPE,0.80000000,0.90000000,en,1.00000000,,0,,,,,,
Parasapo,Parasapo,GPE,0.00000000,0.00000000,en,1.00000000,,0,,,,,,
Hachimachi,Hachimachi,GPE,0.00000000,0.00000000,en,1.00000000,,0,,,,,,
Bunka-kun,Bunka-kun,GPE,0.00000000,0.00000000,en,1.00000000,,5858234,H,61.06271000,-151.17646000,NORTH-AMERICA,United States,NWN
Nemuro Peninsula,Nemuro Peninsula,GPE,0.00000000,0.00000000,en,1.00000000,,2128973,T,43.35056000,145.66028000,ASIA,Japan,EAS
Dresden,Dresden,GPE,0.10238095,0.65714286,en,1.00000000,4012995-0,2935022,P,51.05089000,13.73832000,EUROPE,Germany,WCE
@GermanyinJapan,@GermanyinJapan,GPE,0.16666667,0.45833333,en,1.00000000,,0,,,,,,
Konakano,Konakano,GPE,-0.40000000,0.60000000,en,1.00000000,,8477062,P,40.77911000,140.39774000,ASIA,Japan,EAS
Honhachinohe,Honhachinohe,GPE,-0.40000000,0.60000000,en,1.00000000,,2130202,S,40.51637000,141.48899000,ASIA,Japan,EAS
Budapest,Budapest,GPE,0.20000000,0.20000000,en,1.00000000,4008684-7,3054643,P,47.49835000,19.04045000,EUROPE,Hungary,WCE
GNSS,GNSS,GPE,0.13142857,0.30428571,en,1.00000000,,0,,,,,,
Negaimas,Negaimas,GPE,0.00000000,0.00000000,en,1.00000000,,0,,,,,,
Tsurumi Ward,Tsurumi Ward,GPE,0.16666667,0.33333333,en,1.00000000,,0,,,,,,
Funabashi,Funabashi,GPE,0.00000000,0.00000000,en,1.00000000,10028553-3,1863905,P,35.70129000,139.98648000,ASIA,Japan,EAS
kogi_musu,kogi_musu,GPE,0.00000000,0.00000000,en,1.00000000,,0,,,,,,
Katingan Regency,Katingan Regency,GPE,-0.03333333,0.42500000,en,1.00000000,,1640948,A,-1.68333000,113.21667000,ASIA,Indonesia,SEA
Hokkaido Kanto,Hokkaido Kanto,GPE,0.17500000,0.50000000,en,1.00000000,,0,,,,,,
the Aomori Prefecture Eastern Offshore Earthquake,the Aomori Prefecture Eastern Offshore Earthquake,LOC,-0.00416667,0.39583333,en,1.00000000,,0,,,,,,
Nomi City,Nomi City,GPE,0.00000000,0.00000000,en,1.00000000,,7288988,S,41.89757000,-87.62111000,NORTH-AMERICA,United States,ENA
the Sanriku coastline,the Sanriku coastline,LOC,0.52500000,0.54166667,en,1.00000000,,0,,,,,,
Aomori Prefecture Earthquake,Aomori Prefecture Earthquake,LOC,0.00000000,0.50000000,en,1.00000000,,0,,,,,,
Fuji City,Fuji City,GPE,0.00000000,0.00000000,en,1.00000000,4058679-0,2198148,P,-18.13683000,178.42531000,PACIFIC,Fiji,SPO
Wenzhou,Wenzhou,GPE,1.01562500,1.31666667,en,1.00000000,6144980-5,1791388,P,27.99942000,120.66682000,ASIA,China,EAS
Toori,Toori,GPE,0.00000000,0.00000000,en,1.00000000,,12568581,T,61.29398000,22.73917000,EUROPE,Finland,NEU
TPAC,TPAC,GPE,0.25000000,0.33333333,en,1.00000000,,0,,,,,,
Otomi,Otomi,GPE,0.00000000,0.00000000,en,1.00000000,,9091865,P,42.39329000,142.37729000,ASIA,Japan,EAS
the Saigoku region,the Saigoku region,LOC,0.66666667,1.00000000,en,1.00000000,,0,,,,,,
Aso city,Aso city,GPE,0.50000000,0.50000000,en,1.00000000,,10316881,P,33.89265000,130.82716000,ASIA,Japan,EAS
Sarawak,Sarawak,GPE,0.00000000,0.25000000,en,1.00000000,4051682-9,1733038,A,2.50000000,113.50000000,ASIA,Malaysia,SEA
Kumamoto/Aso,Kumamoto/Aso,GPE,0.00000000,0.00000000,en,1.00000000,,6300354,S,32.83732000,130.85505000,ASIA,Japan,EAS
Aso region,Aso region,GPE,0.00000000,0.00000000,en,1.00000000,4622232-7,3172928,P,43.05276000,13.75518000,EUROPE-AFRICA,Italy,MED
Aso caldera,Aso caldera,LOC,0.02708333,0.30833333,en,1.00000000,,0,,,,,,
Chikuho,Chikuho,GPE,0.00000000,0.08333333,en,1.00000000,4378661-3,1864589,L,33.66667000,130.75000000,ASIA,Japan,EAS
Nanyo,Nanyo,GPE,0.00000000,0.08333333,en,1.00000000,,1855622,A,34.11667000,131.75000000,ASIA,Japan,EAS
western Oita Prefecture,western Oita Prefecture,LOC,0.00000000,0.00000000,en,1.00000000,,10099928,S,33.23940000,131.60786000,ASIA,Japan,EAS
Cortina d'Ampezzo,Cortina d'Ampezzo,GPE,0.00000000,0.00000000,en,1.00000000,4085339-1,3177952,P,46.53690000,12.13903000,EUROPE,Italy,WCE
Trentino-Alto Adige,Trentino-Alto Adige,GPE,0.00000000,0.00000000,en,1.00000000,4060814-1,3165244,A,46.50000000,11.33333000,EUROPE,Italy,WCE
Veneto,Veneto,GPE,0.00000000,0.00000000,en,1.00000000,4062510-2,3164604,A,45.50000000,11.75000000,EUROPE,Italy,WCE
Lombardy,Lombardy,GPE,0.00000000,0.00000000,en,1.00000000,4037100-1,3173435,P,45.46427000,9.18951000,EUROPE,Italy,WCE
Semeru Volcano,Semeru Volcano,LOC,0.00000000,0.40000000,en,1.00000000,,0,,,,,,
Roppongi Hills,Roppongi Hills,GPE,0.25000000,0.31250000,en,1.00000000,,8030323,S,35.66044000,139.72938000,ASIA,Japan,EAS
Zeroire,Zeroire,GPE,0.40000000,0.40000000,en,1.00000000,,0,,,,,,
Beijing,Beijing,GPE,0.00000000,0.00000000,en,1.00000000,4075971-4,1816670,P,39.90750000,116.39723000,ASIA,China,EAS
Ushitsu,Ushitsu,GPE,0.00000000,0.08611111,en,1.00000000,,1849155,P,37.30791000,137.15219000,ASIA,Japan,EAS
Ichimatsu,Ichimatsu,GPE,0.00000000,0.12500000,en,1.00000000,,0,,,,,,
Cold,Cold,LOC,-0.30000000,1.00000000,en,1.00000000,,5925024,P,54.46525000,-110.18154000,NORTH-AMERICA,Canada,NWN
AI,AI,GPE,0.00000000,0.00000000,en,1.00000000,,0,,,,,,
️Hirosaki,️Hirosaki,GPE,0.43333333,0.73333333,en,1.00000000,4384812-6,2130057,P,40.59306000,140.47250000,ASIA,Japan,EAS
Hakodate,Hakodate,GPE,-0.10000000,0.40000000,en,1.00000000,4481747-2,2130188,P,41.77583000,140.73667000,ASIA,Japan,EAS
Noda Village,Noda Village,GPE,-0.30000000,0.40000000,en,1.00000000,,0,,,,,,
Makomai Nishikou,Makomai Nishikou,GPE,0.00000000,0.00000000,en,1.00000000,,0,,,,,,
Kushiro,Kushiro,GPE,0.13636364,0.45454545,en,1.00000000,132191-2,2129376,P,42.97500000,144.37472000,ASIA,Japan,EAS
the Aomori Prefecture Hachinohe City Board of Education,the Aomori Prefecture Hachinohe City Board of Education,GPE,0.10450000,0.60800000,en,1.00000000,,0,,,,,,
Central Pacific,Central Pacific,LOC,0.08333333,0.29166667,en,1.00000000,,11961322,L,55.75383000,37.62240000,EUROPE,Russia,WCE
Aomori Prefecture Sea,Aomori Prefecture Sea,LOC,0.00000000,0.10000000,en,1.00000000,,0,,,,,,
Eastern Pacific,Eastern Pacific,LOC,0.00000000,0.10000000,en,1.00000000,,11961320,L,55.00000000,40.00000000,EUROPE,Russia,WCE
Western Pacific Coast,Western Pacific Coast,LOC,0.00000000,0.10000000,en,1.00000000,,12492673,L,39.28000000,-155.26000000,PACIFIC,United States,NPO
Pacific coast,Pacific coast,LOC,0.11111111,0.28333333,en,1.00000000,,12212303,L,37.02332000,-77.36954000,NORTH-AMERICA,United States,ENA
Tokachi,Tokachi,GPE,0.00000000,0.00000000,en,1.00000000,,6300321,S,42.73333000,143.21667000,ASIA,Japan,EAS
Liaoning,Liaoning,GPE,0.00000000,0.00000000,en,1.00000000,4254136-0,2036115,A,41.25000000,122.66667000,ASIA,China,EAS
Noto Island,Noto Island,LOC,0.10000000,0.40000000,en,1.00000000,,1854947,T,37.11667000,137.00000000,ASIA,Japan,EAS
Saudi Aramco,Saudi Aramco,GPE,0.04166667,0.66666667,en,1.00000000,,9864641,S,17.59136000,44.35577000,ASIA,Saudi Arabia,ARP
Aramco,Aramco,GPE,0.04545455,0.22651515,en,1.00000000,,9864641,S,17.59136000,44.35577000,ASIA,Saudi Arabia,ARP
the Xinjiang Uyghur Autonomous Region,the Xinjiang Uyghur Autonomous Region,GPE,0.40000000,0.70000000,en,1.00000000,,0,,,,,,
Xinjiang Uyghur Autonomous Region,Xinjiang Uyghur Autonomous Region,GPE,0.40000000,0.70000000,en,1.00000000,4077460-0,1529047,A,41.50000000,85.50000000,ASIA,China,ECA
Keito,Keito,GPE,0.00000000,0.00000000,en,1.00000000,,1874841,P,38.56417000,125.70583000,ASIA,North Korea,EAS
Kanagawa Ward,Kanagawa Ward,GPE,0.00000000,0.00000000,en,1.00000000,,0,,,,,,
Kotani,Kotani,GPE,-0.60000000,1.00000000,en,1.00000000,,12516892,P,-17.51283000,-66.61671000,SOUTH-AMERICA,Bolivia,SAM
Kherson,Kherson,GPE,0.25000000,0.25000000,en,1.00000000,4085238-6,706448,P,46.63695000,32.61458000,EUROPE,Ukraine,WCE
Zaporizhia,Zaporizhia,GPE,0.25000000,0.25000000,en,1.00000000,,687700,P,47.85167000,35.11714000,EUROPE,Ukraine,WCE
HuffPost,HuffPost,GPE,-0.30000000,0.70000000,en,1.00000000,,0,,,,,,
Montepulciano,Montepulciano,GPE,0.30000000,0.45000000,en,1.00000000,4115211-6,3172794,P,43.09998000,11.78704000,EUROPE-AFRICA,Italy,MED
Buretsu,Buretsu,GPE,0.70000000,0.60000000,en,1.00000000,,6537246,A,46.43091000,11.10657000,EUROPE,Italy,WCE
Sujin,Sujin,GPE,0.70000000,0.60000000,en,1.00000000,,12094344,P,41.87833000,129.06230000,ASIA,North Korea,EAS
Kazuno City,Kazuno City,GPE,0.00000000,0.00000000,en,1.00000000,,0,,,,,,
Kazuno,Kazuno,GPE,0.00000000,0.00000000,en,1.00000000,,2130146,P,40.18361000,140.78722000,ASIA,Japan,EAS
Nagara Town,Nagara Town,GPE,0.00000000,0.00000000,en,1.00000000,,7521942,A,10.26746000,-61.38182000,SOUTH-AMERICA,Trinidad and Tobago,NSA
Shirako Town,Shirako Town,GPE,0.00000000,0.00000000,en,1.00000000,,0,,,,,,
Chosei Village,Chosei Village,GPE,0.00000000,0.00000000,en,1.00000000,,0,,,,,,
Mutsuzawa Town,Mutsuzawa Town,GPE,0.00000000,0.00000000,en,1.00000000,,0,,,,,,
Ichinomiya Town,Ichinomiya Town,GPE,0.00000000,0.00000000,en,1.00000000,,0,,,,,,
Yokoshiba Hikari Town,Yokoshiba Hikari Town,GPE,0.00000000,0.00000000,en,1.00000000,,0,,,,,,
Ha Prefecture,Ha Prefecture,GPE,0.00000000,0.00000000,en,1.00000000,4192186-0,1848354,P,35.43333000,139.65000000,ASIA,Japan,EAS
Isumi City,Isumi City,GPE,0.00000000,0.00000000,en,1.00000000,,0,,,,,,
Sammu City,Sammu City,GPE,0.00000000,0.00000000,en,1.00000000,,0,,,,,,
Ichihara City,Ichihara City,GPE,0.00000000,0.00000000,en,1.00000000,,0,,,,,,
Togane City,Togane City,GPE,0.00000000,0.00000000,en,1.00000000,,1850288,P,34.93923000,132.11202000,ASIA,Japan,EAS
Mobara City,Mobara City,GPE,0.00000000,0.00000000,en,1.00000000,,0,,,,,,
Wakaba Ward,Wakaba Ward,GPE,0.00000000,0.00000000,en,1.00000000,,0,,,,,,
Inashiki City,Inashiki City,GPE,0.00000000,0.00000000,en,1.00000000,,0,,,,,,
Oami Shirasato City,Oami Shirasato City,GPE,0.00000000,0.00000000,en,1.00000000,,0,,,,,,
Shirasato,Shirasato,GPE,0.00000000,0.00000000,en,1.00000000,,0,,,,,,
Jeddah,Jeddah,GPE,0.00000000,0.00000000,en,1.00000000,4091273-5,105343,P,21.49012000,39.18624000,ASIA,Saudi Arabia,ARP
Tuscany,Tuscany,GPE,0.30000000,0.45000000,en,1.00000000,4017581-9,3176959,P,43.77925000,11.24626000,EUROPE-AFRICA,Italy,MED
-4.7,-4.7,GPE,0.23750000,0.66250000,en,1.00000000,4060518-8,2972315,P,43.60426000,1.44367000,EUROPE-AFRICA,France,MED
AItraining,AItraining,GPE,0.14285714,0.26785714,en,1.00000000,,0,,,,,,
Motoyama Town,Motoyama Town,GPE,0.23750000,0.66250000,en,1.00000000,,0,,,,,,
the Komae City,the Komae City,GPE,0.14384470,0.40066288,en,1.00000000,,0,,,,,,
Ishikawa Noto,Ishikawa Noto,GPE,0.00000000,0.00000000,en,1.00000000,,7668415,S,37.29310000,136.96201000,ASIA,Japan,EAS
IfCv,IfCv,LOC,0.06000000,0.58000000,en,1.00000000,,0,,,,,,
A79-L1,A79-L1,GPE,0.00000000,0.00000000,en,1.00000000,,0,,,,,,
Tsumagoi Village,Tsumagoi Village,GPE,0.13636364,0.45454545,en,1.00000000,,0,,,,,,
Omama,Omama,GPE,0.13636364,0.45454545,en,1.00000000,,1854175,A,36.46667000,139.28333000,ASIA,Japan,EAS
Tsumagoi,Tsumagoi,GPE,0.00000000,0.50000000,en,1.00000000,4379448-8,1864839,T,36.54260000,138.41547000,ASIA,Japan,EAS
Aisapo Omama,Aisapo Omama,GPE,0.00000000,0.50000000,en,1.00000000,,0,,,,,,
Joetsu Plains 10cm,Joetsu Plains 10cm,LOC,0.00000000,0.00000000,en,1.00000000,,0,,,,,,
Nagaoka City,Nagaoka City,GPE,-0.20000000,0.50000000,en,1.00000000,,12572725,L,33.55899000,130.39676000,ASIA,Japan,EAS
the 2M,the 2M,LOC,0.19000000,0.48333333,en,1.00000000,,6508501,S,5.15000000,-52.64990000,SOUTH-AMERICA,French Guiana,NSA
Okoku,Okoku,GPE,0.03000000,0.47000000,en,1.00000000,,1854265,P,26.17420000,127.76446000,ASIA,Japan,EAS
Nepal,Nepal,GPE,0.25000000,0.36666667,en,1.00000000,4041612-4,1282988,A,28.00000000,84.00000000,ASIA,Nepal,TIB
Himalayas,Himalayas,GPE,0.25000000,0.36666667,en,1.00000000,,0,,,,,,
Akita Prefecture's,Akita Prefecture's,LOC,0.00000000,0.00000000,en,1.00000000,,2113125,T,39.75023000,140.07708000,ASIA,Japan,EAS
Aomori Prefecture's,Aomori Prefecture's,GPE,0.00000000,0.00000000,en,1.00000000,,2127628,T,40.83333000,140.41667000,ASIA,Japan,EAS
The United States',The United States',GPE,0.00000000,0.00000000,en,1.00000000,,0,,,,,,
New Year's,New Year's,GPE,0.13636364,0.45454545,en,1.00000000,,3831867,H,-51.93333000,-60.88333000,SOUTH-AMERICA,Falkland Islands,SSA
Yusuhara,Yusuhara,GPE,0.23750000,0.66250000,en,1.00000000,,1848028,P,33.38333000,132.91667000,ASIA,Japan,EAS
Ino Town,Ino Town,GPE,0.23750000,0.66250000,en,1.00000000,,5281337,P,46.53078000,-91.17880000,NORTH-AMERICA,United States,CNA
Honkawa,Honkawa,GPE,0.23750000,0.66250000,en,1.00000000,,0,,,,,,
cryopreserving,cryopreserving,GPE,0.16666667,0.20000000,en,1.00000000,,0,,,,,,
includingthosefortextanddatamining,includingthosefortextanddatamining,GPE,0.14285714,0.26785714,en,1.00000000,,0,,,,,,
Yokohama Arena,Yokohama Arena,GPE,0.06818182,0.45000000,en,1.00000000,,0,,,,,,
Inasa Beach,Inasa Beach,GPE,0.50000000,1.00000000,en,1.00000000,,0,,,,,,
Katatsuki,Katatsuki,GPE,0.25000000,0.33333333,en,1.00000000,,0,,,,,,
Hatsukaichi,Hatsukaichi,GPE,0.05000000,0.21666667,en,1.00000000,,1863018,P,34.35000000,132.33333000,ASIA,Japan,EAS
Otake,Otake,LOC,0.05000000,0.21666667,en,1.00000000,,1853661,A,34.25787000,132.18756000,ASIA,Japan,EAS
Otake City,Otake City,GPE,0.16666667,0.20000000,en,1.00000000,,1854755,P,33.65350000,130.33913000,ASIA,Japan,EAS
Nihondo,Nihondo,GPE,0.11818182,0.42727273,en,1.00000000,,0,,,,,,
Udemy,Udemy,GPE,0.08522727,0.25000000,en,1.00000000,,0,,,,,,
Hinoeuma,Hinoeuma,GPE,0.00000000,0.00000000,en,1.00000000,,0,,,,,,
Qud,Qud,GPE,-0.19375000,0.48750000,en,1.00000000,,283362,P,32.45661000,35.22649000,EUROPE-AFRICA,Palestinian Territory,MED
the Noto Peninsula Earthquake: Damage,the Noto Peninsula Earthquake: Damage,LOC,0.00000000,0.40000000,en,1.00000000,,0,,,,,,
Cobb Salad,Cobb Salad,LOC,0.00000000,0.00000000,en,1.00000000,,0,,,,,,
the Pure Land,the Pure Land,LOC,0.27321429,0.57083333,en,1.00000000,,7208316,S,29.87680000,-95.42090000,NORTH-AMERICA,United States,CNA
Gaza Strip,Gaza Strip,GPE,-0.25000000,0.20000000,en,1.00000000,4019325-1,281133,P,31.50161000,34.46672000,EUROPE-AFRICA,Palestinian Territory,MED
Deir Al Bala,Deir Al Bala,GPE,-0.25000000,0.20000000,en,1.00000000,,0,,,,,,
Kuroshima Island,Kuroshima Island,LOC,0.00000000,0.00000000,en,1.00000000,,1858129,T,24.23867000,124.00955000,ASIA,Japan,EAS
Kuroshima,Kuroshima,GPE,0.00000000,0.00000000,en,1.00000000,,1858129,T,24.23867000,124.00955000,ASIA,Japan,EAS
Rakuten Market,Rakuten Market,GPE,0.10000000,0.40000000,en,1.00000000,,0,,,,,,
Sydney,Sydney,GPE,0.00000000,0.00000000,en,1.00000000,4058708-3,2147714,P,-33.86785000,151.20732000,OCEANIA,Australia,EAU
Sampo,Sampo,GPE,0.00000000,0.00000000,en,1.00000000,,1898817,P,37.79830000,127.71278000,ASIA,South Korea,EAS
Civilization S,Civilization S,GPE,0.00000000,0.00000000,en,1.00000000,,11209125,S,32.03891000,35.72462000,EUROPE-AFRICA,Jordan,MED
Yabuki Town's,Yabuki Town's,GPE,0.00000000,0.37500000,en,1.00000000,,0,,,,,,
"Fukushima Prefecture (Commerce, Industry and Tourism Division","Fukushima Prefecture (Commerce, Industry and Tourism Division",GPE,0.24352679,0.39821429,en,1.00000000,,0,,,,,,
Ebisu,Ebisu,GPE,0.28750000,0.63333333,en,1.00000000,,11796278,P,45.43669000,141.65997000,ASIA,Japan,RFE
Kakuteki,Kakuteki,GPE,0.25000000,0.33333333,en,1.00000000,,0,,,,,,
Photoaging,Photoaging,GPE,-0.01250000,0.38750000,en,1.00000000,,0,,,,,,
Yasugi,Yasugi,GPE,0.00000000,0.00000000,en,1.00000000,1059844982,7392558,A,35.33570000,133.19761000,ASIA,Japan,EAS
Ecole Lila,Ecole Lila,LOC,0.00000000,0.00000000,en,1.00000000,,0,,,,,,
Koikeya,Koikeya,GPE,0.55000000,0.90000000,en,1.00000000,,0,,,,,,
Nanbu,Nanbu,GPE,0.00000000,0.00000000,en,1.00000000,4679374-4,1799830,P,39.05159000,118.30805000,ASIA,China,EAS
Yurakucho,Yurakucho,GPE,0.40000000,0.50000000,en,1.00000000,,1848040,P,35.67494000,139.76193000,ASIA,Japan,EAS
Tobu,Tobu,GPE,0.00000000,0.00000000,en,1.00000000,4299432-9,2267827,P,32.66568000,-16.92547000,ATLANTIC,Portugal,NAO
Nichinan-cho,Nichinan-cho,GPE,0.00000000,0.00000000,en,1.00000000,,1855475,A,35.16225000,133.25939000,ASIA,Japan,EAS
the Hokuriku region,the Hokuriku region,LOC,0.00000000,0.00000000,en,1.00000000,,0,,,,,,
NPS_Domestic,NPS_Domestic,GPE,0.00000000,0.00000000,en,1.00000000,,0,,,,,,
Toyo Ehime Prefecture,Toyo Ehime Prefecture,LOC,0.00000000,0.05000000,en,1.00000000,,1849818,T,34.23068000,133.25736000,ASIA,Japan,EAS
Oki Shimane Prefecture,Oki Shimane Prefecture,GPE,0.00000000,0.05000000,en,1.00000000,,6300368,S,36.17994000,133.32862000,ASIA,Japan,EAS
Yakage Town,Yakage Town,GPE,0.00000000,0.00000000,en,1.00000000,,0,,,,,,
Kasaoka City,Kasaoka City,GPE,0.00000000,0.00000000,en,1.00000000,,0,,,,,,
Izumo City,Izumo City,GPE,0.00000000,0.00000000,en,1.00000000,,5856579,S,21.31889000,-157.86361000,PACIFIC,United States,NPO
Hoki Town,Hoki Town,GPE,0.00000000,0.00000000,en,1.00000000,,0,,,,,,
Hiyoshizu Village,Hiyoshizu Village,GPE,0.00000000,0.00000000,en,1.00000000,,0,,,,,,
Hokuei Town,Hokuei Town,GPE,0.00000000,0.00000000,en,1.00000000,,0,,,,,,
Okuizumo Town,Okuizumo Town,GPE,0.00000000,0.00000000,en,1.00000000,,0,,,,,,
Unnan City,Unnan City,GPE,0.00000000,0.00000000,en,1.00000000,,0,,,,,,
Kofu Town,Kofu Town,LOC,0.00000000,0.00000000,en,1.00000000,,0,,,,,,
Hino Town,Hino Town,GPE,0.00000000,0.00000000,en,1.00000000,,0,,,,,,
Yonago City,Yonago City,GPE,0.00000000,0.00000000,en,1.00000000,,0,,,,,,
Tachibana Town,Tachibana Town,GPE,-0.05000000,0.40000000,en,1.00000000,,0,,,,,,
the Canadian Basin,the Canadian Basin,LOC,-0.24166667,0.75833333,en,1.00000000,,0,,,,,,
the North Pole,the North Pole,LOC,0.00000000,0.00000000,en,1.00000000,7605041-5,5870294,P,64.75111000,-147.34944000,NORTH-AMERICA,United States,NWN
nemophila,nemophila,GPE,0.21428571,0.42857143,en,1.00000000,,0,,,,,,
Weddell Sea,Weddell Sea,LOC,0.00000000,0.00000000,en,1.00000000,,4036624,H,-73.00000000,-45.00000000,SOUTHERN,Antarctica,SOO
Waraji Island,Waraji Island,GPE,0.00000000,0.00000000,en,1.00000000,,0,,,,,,
Jamaica,Jamaica,GPE,0.50000000,0.62500000,en,1.00000000,127193-3,3489940,A,18.16667000,-77.25000000,CENTRAL-AMERICA,Jamaica,CAR
Payoku,Payoku,GPE,0.00000000,0.00000000,en,1.00000000,,0,,,,,,
Islamabad,Islamabad,GPE,0.00000000,0.00000000,en,1.00000000,4245023-8,1176615,P,33.72148000,73.04329000,ASIA,Pakistan,WCA
the Sea of,the Sea of,LOC,0.02666667,0.48666667,en,1.00000000,4051667-2,3448439,P,-23.54750000,-46.63611000,SOUTH-AMERICA,Brazil,SES
Settsu,Settsu,GPE,0.00000000,0.06666667,en,1.00000000,,1852643,P,34.77819000,135.59512000,ASIA,Japan,EAS
Kirimaru,Kirimaru,GPE,0.00000000,0.06666667,en,1.00000000,,0,,,,,,
Tama Ward,Tama Ward,GPE,0.27500000,0.75000000,en,1.00000000,,5526547,S,31.46266000,-100.43732000,NORTH-AMERICA,United States,CNA
Natsumi Tago,Natsumi Tago,LOC,0.12500000,0.30555556,en,1.00000000,,0,,,,,,
Hitachi Seaside Park,Hitachi Seaside Park,LOC,0.21428571,0.42857143,en,1.00000000,,0,,,,,,
Southern California,Southern California,LOC,0.00000000,0.05000000,en,1.00000000,,11071615,L,34.68743000,-116.78467000,NORTH-AMERICA,United States,WNA
Hitachinaka City,Hitachinaka City,GPE,0.00000000,0.00000000,en,1.00000000,,0,,,,,,
Nemophila,Nemophila,GPE,0.00000000,0.00000000,en,1.00000000,,0,,,,,,
New spring,New spring,GPE,0.13636364,0.45454545,en,1.00000000,,5139301,P,41.11315000,-74.04375000,NORTH-AMERICA,United States,ENA
new spring,new spring,GPE,0.13636364,0.45454545,en,1.00000000,,5139301,P,41.11315000,-74.04375000,NORTH-AMERICA,United States,ENA
Shibuya Loft,Shibuya Loft,LOC,0.13636364,0.45454545,en,1.00000000,,0,,,,,,
Kokubunji,Kokubunji,GPE,0.00000000,0.27222222,en,1.00000000,5054056-7,1858964,P,35.70222000,139.47556000,ASIA,Japan,EAS
the Kamimachi Fault Zone,the Kamimachi Fault Zone,GPE,0.00000000,0.00000000,en,1.00000000,,0,,,,,,
Toyonaka City,Toyonaka City,GPE,0.00000000,0.00000000,en,1.00000000,,10055711,S,34.77020000,135.48280000,ASIA,Japan,EAS
Toyonaka City Boys Fire Club,Toyonaka City Boys Fire Club,GPE,0.00000000,0.00000000,en,1.00000000,,0,,,,,,
the Korean Peninsula,the Korean Peninsula,LOC,0.03333333,0.23333333,en,1.00000000,,7140636,S,46.39111000,-87.39444000,NORTH-AMERICA,United States,ENA
the Antarctic ocean,the Antarctic ocean,LOC,0.00000000,0.00000000,en,1.00000000,,0,,,,,,
Kyodonomori BBQ,Kyodonomori BBQ,LOC,0.00000000,0.30000000,en,1.00000000,,0,,,,,,
Cybozu QA,Cybozu QA,GPE,0.00000000,0.00000000,en,1.00000000,,0,,,,,,
[Kumamoto City x Minato Ward,[Kumamoto City x Minato Ward,GPE,0.00000000,0.00000000,en,1.00000000,,0,,,,,,
Suwa City,Suwa City,GPE,0.00000000,0.00000000,en,1.00000000,4058679-0,2198148,P,-18.13683000,178.42531000,PACIFIC,Fiji,SPO
Matsumoto City,Matsumoto City,GPE,0.00000000,0.00000000,en,1.00000000,,10118857,S,36.23050000,137.96616000,ASIA,Japan,EAS
Matsukawa Village,Matsukawa Village,GPE,0.00000000,0.00000000,en,1.00000000,,0,,,,,,
Ikusaka Village,Ikusaka Village,GPE,0.00000000,0.00000000,en,1.00000000,,0,,,,,,
Earth Star,Earth Star,LOC,0.00000000,0.00000000,en,1.00000000,,9689010,T,41.68974000,-89.30315000,NORTH-AMERICA,United States,ENA
Fukushima Daiichi,Fukushima Daiichi,LOC,0.13333333,0.36666667,en,1.00000000,,11838422,S,37.42306000,141.03306000,ASIA,Japan,EAS
Kawagoe City,Kawagoe City,GPE,-0.20000000,0.40000000,en,1.00000000,,0,,,,,,
Kawagoe,Kawagoe,GPE,0.00000000,0.00000000,en,1.00000000,4666656-4,1859740,P,35.90861000,139.48528000,ASIA,Japan,EAS
Kyobashi,Kyobashi,GPE,-0.05000000,0.30000000,en,1.00000000,,1857932,A,35.68333000,139.76667000,ASIA,Japan,EAS
-Kumamoto,-Kumamoto,GPE,0.00000000,0.00000000,en,1.00000000,,1857892,T,32.42944000,130.99099000,ASIA,Japan,EAS
Magyar,Magyar,GPE,0.06846591,0.24801136,en,1.00000000,4078541-5,719819,A,47.00000000,20.00000000,EUROPE,Hungary,WCE
Bunkyo Ward,Bunkyo Ward,GPE,0.00000000,0.00000000,en,1.00000000,,0,,,,,,
Mejirodai,Mejirodai,GPE,0.00000000,0.00000000,en,1.00000000,,10865996,P,35.71661000,139.72283000,ASIA,Japan,EAS
Monkey Mountain,Monkey Mountain,LOC,-0.05000000,0.01666667,en,1.00000000,,7731316,S,4.48333000,-59.68330000,SOUTH-AMERICA,Guyana,NSA
Hadano City,Hadano City,GPE,0.00000000,0.00000000,en,1.00000000,,0,,,,,,
the Mizunashi River,the Mizunashi River,LOC,0.00000000,0.00000000,en,1.00000000,,0,,,,,,
Walton,Walton,GPE,0.00000000,0.00000000,en,1.00000000,,4156042,P,30.42059000,-86.61707000,NORTH-AMERICA,United States,ENA
eastern Pacific Ocean,eastern Pacific Ocean,LOC,0.30000000,0.57500000,en,1.00000000,4334651-0,4364312,P,38.33650000,-75.08491000,NORTH-AMERICA,United States,ENA
the central Pacific Ocean,the central Pacific Ocean,LOC,0.11111111,0.32777778,en,1.00000000,4321691-2,4439506,P,30.41131000,-88.82781000,NORTH-AMERICA,United States,ENA
Ushiami,Ushiami,GPE,0.52500000,0.50000000,en,1.00000000,,8182468,P,38.39473000,141.18067000,ASIA,Japan,EAS
[Kumamoto City x Shinjuku Ward],[Kumamoto City x Shinjuku Ward],GPE,0.10000000,0.10000000,en,1.00000000,,0,,,,,,
Kyushu Even,Kyushu Even,GPE,-0.06500000,0.29500000,en,1.00000000,,0,,,,,,
Kyushu Rain,Kyushu Rain,LOC,-0.20000000,0.50000000,en,1.00000000,,0,,,,,,
Odoi,Odoi,GPE,0.00000000,0.00000000,en,1.00000000,,182517,L,-2.38246000,40.31505000,AFRICA,Kenya,SEAF
Shimono City,Shimono City,GPE,0.00000000,0.00000000,en,1.00000000,,1852230,P,35.11667000,136.83333000,ASIA,Japan,EAS
Miya City,Miya City,GPE,0.00000000,0.00000000,en,1.00000000,,0,,,,,,
Utsu,Utsu,GPE,0.00000000,0.00000000,en,1.00000000,,2127538,P,44.41241000,143.02153000,ASIA,Japan,EAS
Sakuragawa City,Sakuragawa City,GPE,0.00000000,0.00000000,en,1.00000000,,1853069,P,34.66723000,135.48930000,ASIA,Japan,EAS
Bando City,Bando City,GPE,0.00000000,0.00000000,en,1.00000000,,0,,,,,,
Chikusei City,Chikusei City,GPE,0.00000000,0.00000000,en,1.00000000,,0,,,,,,
Kasama City,Kasama City,GPE,0.00000000,0.00000000,en,1.00000000,,0,,,,,,
Moka City,Moka City,GPE,0.00000000,0.00000000,en,1.00000000,,4566270,P,18.39467000,-67.11324000,CENTRAL-AMERICA,Puerto Rico,CAR
the Strait of Hormuz https://www.sankei.com/article/,the Strait of Hormuz https://www.sankei.com/article/,LOC,0.60000000,1.00000000,en,1.00000000,,0,,,,,,
Jb2HXj821>>.1303,Jb2HXj821>>.1303,GPE,0.00000000,0.00000000,en,1.00000000,,0,,,,,,
Kaiyo,Kaiyo,GPE,0.10000000,0.38888889,en,1.00000000,,2129791,P,43.57758000,144.92274000,ASIA,Japan,EAS
Ando,Ando,GPE,0.10000000,0.40000000,en,1.00000000,4355876-8,3041563,P,42.50779000,1.52109000,EUROPE-AFRICA,Andorra,MED
Tokushima,Tokushima,GPE,-0.20000000,0.50000000,en,1.00000000,4338563-1,1850158,P,34.06667000,134.56667000,ASIA,Japan,EAS
Minami Town,Minami Town,GPE,-0.20000000,0.50000000,en,1.00000000,,1860751,P,35.55000000,138.45000000,ASIA,Japan,EAS
Central China,Central China,LOC,-0.02500000,0.31250000,en,1.00000000,,1161936,T,39.34335000,72.87749000,ASIA,Tajikistan,WCA
Niigata City's,Niigata City's,GPE,-0.17500000,0.42500000,en,1.00000000,,0,,,,,,
Shiba Park,Shiba Park,GPE,0.25000000,1.00000000,en,1.00000000,,12051800,L,35.65712000,139.74916000,ASIA,Japan,EAS
Sailor Moon,Sailor Moon,LOC,0.13636364,0.45454545,en,1.00000000,,0,,,,,,
Ikaho Onsen,Ikaho Onsen,GPE,0.25000000,0.27777778,en,1.00000000,,0,,,,,,
Joshu,Joshu,GPE,0.25000000,0.27777778,en,1.00000000,,0,,,,,,
Lake Haruna,Lake Haruna,LOC,0.25000000,0.27777778,en,1.00000000,,1863118,H,36.47560000,138.86667000,ASIA,Japan,EAS
Inkstone Rock,Inkstone Rock,GPE,0.00000000,0.00000000,en,1.00000000,,0,,,,,,
Oyama City,Oyama City,GPE,0.00000000,0.00000000,en,1.00000000,,1857505,P,36.56916000,137.35132000,ASIA,Japan,EAS
Mashiko Town,Mashiko Town,GPE,0.00000000,0.00000000,en,1.00000000,,0,,,,,,
[Kumamoto City x Minato Ward],[Kumamoto City x Minato Ward],GPE,0.00000000,0.00000000,en,1.00000000,,0,,,,,,
Miyashiro Town,Miyashiro Town,GPE,0.00000000,0.00000000,en,1.00000000,,0,,,,,,
Tojima,Tojima,GPE,0.10000000,0.50000000,en,1.00000000,,1849910,T,33.48141000,135.81169000,ASIA,Japan,EAS
Tsushima,Tsushima,GPE,0.43333333,0.73333333,en,1.00000000,4061125-5,6300338,S,34.28489000,129.33055000,ASIA,Japan,EAS
Geneva,Geneva,GPE,0.00000000,0.00000000,en,1.00000000,4020137-5,2660646,P,46.20222000,6.14569000,EUROPE,Switzerland,WCE
Yawatadon,Yawatadon,GPE,0.30000000,0.45000000,en,1.00000000,,0,,,,,,
Noge,Noge,GPE,0.41875000,0.58750000,en,1.00000000,,3286557,L,45.31167000,16.90306000,EUROPE,Croatia,WCE
the Utsunomiya City,the Utsunomiya City,GPE,-0.00454545,0.27777778,en,1.00000000,,0,,,,,,
Surface,Surface,LOC,0.20833333,0.23541667,en,1.00000000,,8112900,S,38.33231000,-77.03950000,NORTH-AMERICA,United States,ENA
Aizuwakamatsu,Aizuwakamatsu,GPE,0.21428571,0.36904762,en,1.00000000,4399887-2,6822148,P,37.49142000,139.94546000,ASIA,Japan,EAS
Nasu,Nasu,GPE,-0.14166667,0.65833333,en,1.00000000,5174663-3,6822174,P,36.97682000,140.06642000,ASIA,Japan,EAS
Shigeko,Shigeko,GPE,-0.01010101,0.22222222,en,1.00000000,,0,,,,,,
the West Coast,the West Coast,LOC,-0.10500000,0.46833333,en,1.00000000,,12492673,L,39.28000000,-155.26000000,PACIFIC,United States,NPO
the Tohoku coast,the Tohoku coast,LOC,0.37500000,0.72500000,en,1.00000000,,0,,,,,,
Matsushima Town,Matsushima Town,GPE,0.00000000,0.00000000,en,1.00000000,,0,,,,,,
Osaki City,Osaki City,GPE,0.00000000,0.00000000,en,1.00000000,,1853870,T,34.81616000,131.95504000,ASIA,Japan,EAS
the Moluccan Sea,the Moluccan Sea,LOC,0.40000000,0.75000000,en,1.00000000,,0,,,,,,
the Molucca Sea,the Molucca Sea,LOC,0.02460317,0.24920635,en,1.00000000,,0,,,,,,
Tone River,Tone River,LOC,0.13636364,0.45454545,en,1.00000000,,2110739,H,35.74387000,140.85211000,ASIA,Japan,EAS
the Azuma River,the Azuma River,LOC,0.13636364,0.45454545,en,1.00000000,,0,,,,,,
Azuma District,Azuma District,LOC,0.00000000,0.00000000,en,1.00000000,,0,,,,,,
Naganohara Town,Naganohara Town,GPE,0.00000000,0.00000000,en,1.00000000,,0,,,,,,
Agattan,Agattan,GPE,0.00000000,0.00000000,en,1.00000000,,0,,,,,,
Azumino City,Azumino City,GPE,0.00000000,0.00000000,en,1.00000000,,0,,,,,,
Aoki Village,Aoki Village,GPE,0.00000000,0.00000000,en,1.00000000,,0,,,,,,
Tatsuno Town,Tatsuno Town,GPE,0.00000000,0.00000000,en,1.00000000,,0,,,,,,
"[Saitama Prefecture] ""Audible Hazard Map","[Saitama Prefecture] ""Audible Hazard Map",GPE,0.00000000,0.00000000,en,1.00000000,,0,,,,,,
the Bantan Line,the Bantan Line,LOC,-0.00833333,0.19166667,en,1.00000000,,0,,,,,,
Ikuno,Ikuno,GPE,-0.00833333,0.19166667,en,1.00000000,,1861734,T,34.28840000,132.91556000,ASIA,Japan,EAS
Mikobata Mining Plant,Mikobata Mining Plant,LOC,0.50000000,0.60000000,en,1.00000000,,0,,,,,,
Okinawa Motobucho,Okinawa Motobucho,GPE,0.12500000,0.50000000,en,1.00000000,,0,,,,,,
Mobara,Mobara,GPE,0.05000000,0.68333333,en,1.00000000,,2111855,P,35.42583000,140.29608000,ASIA,Japan,EAS
Katsuura,Katsuura,GPE,0.05000000,0.68333333,en,1.00000000,,2112308,A,35.31667000,140.31667000,ASIA,Japan,EAS
Chuo-ku,Chuo-ku,GPE,0.25000000,0.45000000,en,1.00000000,4388993-1,2113015,P,35.60000000,140.11667000,ASIA,Japan,EAS
Chitose City,Chitose City,GPE,0.00000000,0.00000000,en,1.00000000,,11821478,P,38.28214000,140.34144000,ASIA,Japan,EAS
Mikasa City,Mikasa City,GPE,0.00000000,0.00000000,en,1.00000000,,12720115,S,33.59555000,130.41857000,ASIA,Japan,EAS
Tenkasu Rice Balls,Tenkasu Rice Balls,GPE,0.70000000,0.75000000,en,1.00000000,,0,,,,,,
Tomari Village,Tomari Village,GPE,0.00000000,0.40000000,en,1.00000000,,1850138,P,26.27897000,127.80556000,ASIA,Japan,EAS
Iitate,Iitate,LOC,0.35000000,0.55000000,en,1.00000000,,2112644,A,37.67816000,140.74834000,ASIA,Japan,EAS
Meguro River,Meguro River,LOC,-0.29166667,0.37500000,en,1.00000000,,1857421,H,35.61856000,139.75111000,ASIA,Japan,EAS
Toko,Toko,GPE,0.00000000,0.00000000,en,1.00000000,4060344-1,2363686,A,8.66667000,1.08333000,AFRICA,Togo,WAF
Aoyama-senpai,Aoyama-senpai,GPE,0.60000000,0.90000000,en,1.00000000,,0,,,,,,
Aoyama-senpai's,Aoyama-senpai's,GPE,0.00000000,0.00000000,en,1.00000000,,0,,,,,,
Ohtani,Ohtani,GPE,0.25000000,0.33333333,en,1.00000000,,1853642,P,35.78266000,136.09803000,ASIA,Japan,EAS
Peking,Peking,GPE,0.00000000,0.00000000,en,1.00000000,4075971-4,1816670,P,39.90750000,116.39723000,ASIA,China,EAS
Torano,Torano,GPE,0.00000000,0.00000000,en,1.00000000,,3165549,P,42.82305000,13.77729000,EUROPE-AFRICA,Italy,MED
Lillie,Lillie,GPE,-0.46851852,0.67962963,en,1.00000000,,6636982,T,-84.83333000,-170.41667000,POLAR,Antarctica,EAN
Ontario,Ontario,GPE,0.00000000,0.00000000,en,1.00000000,4122012-2,6094817,P,45.41117000,-75.69812000,NORTH-AMERICA,Canada,ENA
Garoon,Garoon,GPE,0.00000000,0.50000000,en,1.00000000,,7023945,T,16.31590000,33.13440000,AFRICA,Sudan,SAH
"[Saitama Prefecture]
","[Saitama Prefecture]
",GPE,0.00000000,0.16666667,en,1.00000000,4390428-2,6940394,P,35.90807000,139.65657000,ASIA,Japan,EAS
Itagaki,Itagaki,GPE,0.35000000,0.40000000,en,1.00000000,,0,,,,,,
Nayokusa Fuji,Nayokusa Fuji,LOC,-0.40000000,0.70000000,en,1.00000000,,0,,,,,,
Incas,Incas,LOC,0.00000000,1.00000000,en,1.00000000,,3653250,H,-0.48555000,-79.71333000,SOUTH-AMERICA,Ecuador,NWS
the Wari Empire,the Wari Empire,GPE,0.00000000,1.00000000,en,1.00000000,,0,,,,,,
Wari Empire,Wari Empire,GPE,0.00000000,1.00000000,en,1.00000000,,0,,,,,,
Todoroki Ryokuchi”,Todoroki Ryokuchi”,GPE,0.23750000,0.35833333,en,1.00000000,,0,,,,,,
Sakuma-san,Sakuma-san,GPE,0.00000000,0.00000000,en,1.00000000,,0,,,,,,
Raichosawa,Raichosawa,GPE,0.00000000,0.00000000,en,1.00000000,,0,,,,,,
Ibaraki Prefecture Eastern,Ibaraki Prefecture Eastern,LOC,-0.07500000,0.50000000,en,1.00000000,,2111901,P,36.35000000,140.45000000,ASIA,Japan,EAS
[Nara City],[Nara City],GPE,0.00000000,0.00000000,en,1.00000000,,1859951,P,34.50896000,135.79290000,ASIA,Japan,EAS
Ku,Ku,GPE,0.04000000,0.14000000,en,1.00000000,4110404-3,1735161,P,3.14120000,101.68653000,ASIA,Malaysia,SEA
Westminster,Westminster,GPE,0.06818182,0.35227273,en,1.00000000,4079242-0,5443910,P,39.83665000,-105.03720000,NORTH-AMERICA,United States,WNA
Inatori,Inatori,GPE,0.35000000,0.55000000,en,1.00000000,,1861605,P,34.77574000,139.04087000,ASIA,Japan,EAS
Higashiizu Town,Higashiizu Town,LOC,0.35000000,0.55000000,en,1.00000000,,0,,,,,,
Chishima Island,Chishima Island,LOC,0.03333333,0.23333333,en,1.00000000,,2129235,T,44.54742000,146.67297000,ASIA,Russia,EAS
Saitama/Kawagoe,Saitama/Kawagoe,GPE,0.00000000,0.00000000,en,1.00000000,,1859740,P,35.90861000,139.48528000,ASIA,Japan,EAS
Red Sea,Red Sea,LOC,0.24166667,0.51666667,en,1.00000000,4050664-2,330546,P,15.60811000,39.47455000,AFRICA,Eritrea,SAH
Vermicelle,Vermicelle,GPE,0.03750000,0.38750000,en,1.00000000,,6018972,H,47.97944000,-75.98472000,NORTH-AMERICA,Canada,ENA
the Taiwan Strait,the Taiwan Strait,LOC,0.40000000,0.57500000,en,1.00000000,,0,,,,,,
LA,LA,GPE,0.20000000,0.65000000,en,1.00000000,4127847-1,3911925,P,-16.50000000,-68.15000000,SOUTH-AMERICA,Bolivia,SAM
Antarctic Oasis'',Antarctic Oasis'',LOC,0.16666667,0.33333333,en,1.00000000,,0,,,,,,
Erimo,Erimo,GPE,-0.50000000,1.00000000,en,1.00000000,,0,,,,,,
RKK Kumamoto,RKK Kumamoto,LOC,0.35000000,0.55000000,en,1.00000000,,0,,,,,,
Sunday).There,Sunday).There,GPE,0.27142857,0.43809524,en,1.00000000,,0,,,,,,
Ryunan,Ryunan,GPE,0.00000000,0.16666667,en,1.00000000,,0,,,,,,
Minowa Town,Minowa Town,GPE,0.00000000,0.00000000,en,1.00000000,,0,,,,,,
Yamagata Shonai,Yamagata Shonai,GPE,0.05000000,0.15000000,en,1.00000000,,6300401,S,38.81222000,139.78722000,ASIA,Japan,EAS
Hashikami-cho,Hashikami-cho,GPE,0.25000000,0.50000000,en,1.00000000,,2130137,A,40.43045000,141.58423000,ASIA,Japan,EAS
Pacific Coast,Pacific Coast,LOC,-0.03125000,0.15625000,en,1.00000000,,12212303,L,37.02332000,-77.36954000,NORTH-AMERICA,United States,ENA
Central Pacific Coast,Central Pacific Coast,LOC,0.15625000,0.37500000,en,1.00000000,,11497251,L,16.47129000,107.58478000,ASIA,Vietnam,SEA
Koyanagi-cho,Koyanagi-cho,GPE,0.04814815,0.26296296,en,1.00000000,,0,,,,,,
Straits,Straits,LOC,0.00000000,0.50000000,en,1.00000000,,0,,,,,,
Hakumadake,Hakumadake,LOC,0.00000000,0.00000000,en,1.00000000,,0,,,,,,
B.C.,B.C.,GPE,0.00000000,0.00000000,en,1.00000000,,7315164,P,32.71904000,-114.66005000,CENTRAL-AMERICA,United States,NCA
Nullstar,Nullstar,GPE,0.45333333,0.78000000,en,1.00000000,,0,,,,,,
Satoyama,Satoyama,LOC,0.00000000,0.00000000,en,1.00000000,,10420404,L,35.37428000,139.41899000,ASIA,Japan,EAS
the Nyu massif,the Nyu massif,LOC,0.00000000,0.00000000,en,1.00000000,,0,,,,,,
Yamada,Yamada,GPE,0.00000000,0.00000000,en,1.00000000,,1848709,A,35.01667000,135.93333000,ASIA,Japan,EAS
Nagano Prefecture - Same,Nagano Prefecture - Same,GPE,-0.17142857,0.31547619,en,1.00000000,,0,,,,,,
Northern Nagano,Northern Nagano,GPE,0.08333333,0.23055556,en,1.00000000,,2201913,T,-16.39620000,179.16142000,PACIFIC,Fiji,SPO
Matsumoto-Nagano:,Matsumoto-Nagano:,GPE,-0.07777778,0.14444444,en,1.00000000,4252405-2,1857519,P,36.23333000,137.96667000,ASIA,Japan,EAS
Otari Village,Otari Village,GPE,0.00000000,0.00000000,en,1.00000000,,0,,,,,,
Hakuba Village,Hakuba Village,GPE,0.00000000,0.00000000,en,1.00000000,,0,,,,,,
Ikeda Town,Ikeda Town,GPE,0.00000000,0.00000000,en,1.00000000,,0,,,,,,
Chikuhoku Village,Chikuhoku Village,GPE,0.00000000,0.00000000,en,1.00000000,,0,,,,,,
Asahi Village,Asahi Village,GPE,0.00000000,0.00000000,en,1.00000000,,7732596,S,7.34055000,134.47427000,PACIFIC,Palau,EPO
Yamagata Village,Yamagata Village,GPE,0.00000000,0.00000000,en,1.00000000,,0,,,,,,
Mayi Village,Mayi Village,GPE,0.00000000,0.00000000,en,1.00000000,,12007042,P,46.77355000,83.88430000,ASIA,China,WSB
Hokkaido Pacific Ocean,Hokkaido Pacific Ocean,LOC,0.00000000,0.25000000,en,1.00000000,,0,,,,,,
Iwate coast,Iwate coast,LOC,0.05000000,0.15000000,en,1.00000000,,8437448,L,39.39751000,141.12923000,ASIA,Japan,EAS
Torataro,Torataro,LOC,0.32500000,0.37083333,en,1.00000000,,0,,,,,,
Akita coast,Akita coast,LOC,0.05000000,0.15000000,en,1.00000000,,0,,,,,,
Misuzu Narita,Misuzu Narita,GPE,0.80000000,0.75000000,en,1.00000000,,0,,,,,,
Nakanoshima,Nakanoshima,GPE,-0.03333333,0.26666667,en,1.00000000,,1855811,A,37.56667000,138.86667000,ASIA,Japan,EAS
tuile,tuile,GPE,0.20227273,0.49090909,en,1.00000000,,12312705,P,44.07178000,1.17261000,EUROPE-AFRICA,France,MED
Yoneya,Yoneya,GPE,0.00000000,0.00000000,en,1.00000000,,0,,,,,,
Okuda,Okuda,LOC,-0.80000000,1.00000000,en,1.00000000,,11141675,P,35.32045000,140.08004000,ASIA,Japan,EAS
the South Atlantic Ocean,the South Atlantic Ocean,LOC,-0.10000000,0.10000000,en,1.00000000,4334651-0,4364312,P,38.33650000,-75.08491000,NORTH-AMERICA,United States,ENA
South Georgia Island,South Georgia Island,GPE,-0.10000000,0.10000000,en,1.00000000,,4220866,P,31.15051000,-81.36954000,NORTH-AMERICA,United States,ENA
Kozuchi,Kozuchi,GPE,0.11904762,0.44047619,en,1.00000000,,1858568,T,34.39398000,133.92324000,ASIA,Japan,EAS
Earth Day,Earth Day,GPE,0.35714286,0.57142857,en,1.00000000,,5046923,S,44.15413000,-93.97801000,NORTH-AMERICA,United States,CNA
Kyushu The,Kyushu The,GPE,0.00000000,0.00000000,en,1.00000000,,12625329,L,33.63561000,130.43383000,ASIA,Japan,EAS
Nigeria,Nigeria,GPE,0.00000000,0.06666667,en,1.00000000,4042300-1,2328926,A,10.00000000,8.00000000,AFRICA,Nigeria,WAF
Hikone,Hikone,GPE,0.00000000,0.00000000,en,1.00000000,7597212-8,1862636,P,35.25000000,136.25000000,ASIA,Japan,EAS
Shinjo City,Shinjo City,GPE,-0.10000000,0.40000000,en,1.00000000,,1852088,P,36.70000000,137.25000000,ASIA,Japan,EAS
Mikawa Town,Mikawa Town,LOC,-0.10000000,0.40000000,en,1.00000000,,0,,,,,,
Murayama City,Murayama City,GPE,-0.10000000,0.40000000,en,1.00000000,,0,,,,,,
Iwate Prefecture coast,Iwate Prefecture coast,LOC,0.07708333,0.30208333,en,1.00000000,,8437448,L,39.39751000,141.12923000,ASIA,Japan,EAS
SP,SP,GPE,0.00000000,0.00000000,en,1.00000000,,0,,,,,,
Sarabetsu Village,Sarabetsu Village,LOC,-0.06250000,0.18750000,en,1.00000000,,0,,,,,,
Sekine Beach,Sekine Beach,GPE,0.00000000,0.00000000,en,1.00000000,,0,,,,,,
Iwaizumi Town,Iwaizumi Town,LOC,0.00000000,0.00000000,en,1.00000000,,0,,,,,,
Ofunato City,Ofunato City,GPE,0.00000000,0.00000000,en,1.00000000,,0,,,,,,
Slavyansk,Slavyansk,GPE,0.00000000,0.03333333,en,1.00000000,4597894-3,492094,P,45.25145000,38.12129000,EUROPE,Russia,WCE
Yanaizu Town,Yanaizu Town,GPE,-0.07777778,0.14444444,en,1.00000000,,0,,,,,,
Aizu,Aizu,GPE,-0.07777778,0.14444444,en,1.00000000,4399887-2,1859368,A,37.50000000,139.86667000,ASIA,Japan,EAS
Kogen,Kogen,GPE,0.00000000,0.00000000,en,1.00000000,,1866923,P,39.15278000,127.44361000,ASIA,North Korea,EAS
Niagara,Niagara,GPE,0.00000000,0.00000000,en,1.00000000,4214013-4,6087892,P,43.10012000,-79.06627000,NORTH-AMERICA,United States,ENA
G6M3,G6M3,GPE,-0.40000000,0.70000000,en,1.00000000,,0,,,,,,
Fukushima Ward,Fukushima Ward,GPE,-0.34500000,0.49500000,en,1.00000000,,0,,,,,,
Amagasaki Rookie Series,Amagasaki Rookie Series,GPE,-0.25555556,0.18888889,en,1.00000000,,0,,,,,,
Hiroshima City,Hiroshima City,GPE,-0.13333333,0.20000000,en,1.00000000,4072524-8,1862415,P,34.40000000,132.45000000,ASIA,Japan,EAS
the Kanto Mountains,the Kanto Mountains,LOC,-0.20000000,0.50000000,en,1.00000000,,0,,,,,,
Bungeishunju,Bungeishunju,GPE,0.00000000,0.00000000,en,1.00000000,,0,,,,,,
Toma Town,Toma Town,GPE,0.00000000,0.00000000,en,1.00000000,,0,,,,,,
Time zone,Time zone,GPE,0.11666667,0.22500000,en,1.00000000,,0,,,,,,
Tara,Tara,GPE,0.00000000,0.00000000,en,1.00000000,,665529,L,45.66667000,25.66667000,EUROPE,Romania,WCE
Miyakojima City,Miyakojima City,GPE,0.00000000,0.00000000,en,1.00000000,,1856777,A,34.71192000,135.52722000,ASIA,Japan,EAS
Japan.・Kanto-Koshin,Japan.・Kanto-Koshin,LOC,-0.02500000,0.17500000,en,1.00000000,,0,,,,,,
​​fire,​​fire,GPE,0.12500000,0.37500000,en,1.00000000,,0,,,,,,
Mataro,Mataro,GPE,0.13750000,0.52500000,en,1.00000000,4279234-4,3117164,P,41.54211000,2.44450000,EUROPE-AFRICA,Spain,MED
Osumi,Osumi,GPE,0.00000000,0.00000000,en,1.00000000,,0,,,,,,
the Satsuma Peninsula,the Satsuma Peninsula,LOC,0.00000000,0.00000000,en,1.00000000,,0,,,,,,
Ezo,Ezo,GPE,0.40000000,0.50000000,en,1.00000000,4095546-1,2130038,T,43.43197000,142.93467000,ASIA,Japan,EAS
Macchan,Macchan,GPE,0.00000000,0.00000000,en,1.00000000,,13255032,P,-9.05225000,-77.02347000,SOUTH-AMERICA,Peru,NWS
Kamisunagawa Town,Kamisunagawa Town,GPE,0.00000000,0.00000000,en,1.00000000,,0,,,,,,
Millbrook,Millbrook,GPE,0.20033670,0.41902357,en,1.00000000,,4076239,P,32.47986000,-86.36192000,NORTH-AMERICA,United States,ENA
"Urayasu City,","Urayasu City,",GPE,0.35000000,0.55000000,en,1.00000000,,0,,,,,,
Tochigi/,Tochigi/,GPE,0.00000000,0.00000000,en,1.00000000,4370926-6,1849053,P,36.56667000,139.88333000,ASIA,Japan,EAS
Kamo,Kamo,GPE,0.00000000,0.00000000,en,1.00000000,,1860328,A,34.41667000,132.80000000,ASIA,Japan,EAS
Johor,Johor,GPE,0.00000000,0.50000000,en,1.00000000,4096604-5,1732752,P,1.46550000,103.75780000,ASIA,Malaysia,SEA
Delaware,Delaware,GPE,-0.10000000,0.40000000,en,1.00000000,4085407-3,4142224,A,39.00039000,-75.49992000,NORTH-AMERICA,United States,ENA
KDcolle,KDcolle,GPE,0.00000000,0.00000000,en,1.00000000,,0,,,,,,
Tachikawa City,Tachikawa City,GPE,-0.16666667,0.16666667,en,1.00000000,,5853790,S,21.30056000,-157.84806000,PACIFIC,United States,NPO
The Tachikawa City Half Marathon,The Tachikawa City Half Marathon,GPE,-0.16666667,0.16666667,en,1.00000000,,0,,,,,,
Babahera,Babahera,GPE,-0.10000000,0.75000000,en,1.00000000,,0,,,,,,
Fuyuhashi,Fuyuhashi,GPE,0.00000000,0.00000000,en,1.00000000,,0,,,,,,
Suzuka Ueno,Suzuka Ueno,GPE,0.00000000,0.00000000,en,1.00000000,,0,,,,,,
Machi,Machi,GPE,0.00000000,0.00000000,en,1.00000000,,1854149,A,36.96667000,137.73333000,ASIA,Japan,EAS
Sendai city,Sendai city,GPE,0.00000000,0.00000000,en,1.00000000,,6512998,S,38.26373000,140.88168000,ASIA,Japan,EAS
Cocos,Cocos,GPE,0.00000000,0.00000000,en,1.00000000,,1547348,T,-12.00000000,96.83333000,INDIAN,Cocos (Keeling) Islands,SIO
the western Sea,the western Sea,LOC,0.00000000,0.43333333,en,1.00000000,,295347,H,31.55747000,35.49545000,EUROPE-AFRICA,Jordan,MED
Imuraya,Imuraya,GPE,0.00000000,0.25000000,en,1.00000000,,0,,,,,,
Manchester City,Manchester City,GPE,0.00000000,0.10000000,en,1.00000000,4114959-2,5089178,P,42.99564000,-71.45479000,NORTH-AMERICA,United States,ENA
Perth,Perth,GPE,0.11428571,0.32380952,en,1.00000000,4232458-0,2063523,P,-31.95224000,115.86140000,OCEANIA,Australia,SAU
Stormy,Stormy,LOC,0.02599206,0.30615079,en,1.00000000,,6157687,H,49.39447000,-92.34669000,NORTH-AMERICA,Canada,CNA
Oyama City (Tochigi Prefecture,Oyama City (Tochigi Prefecture,GPE,0.44166667,0.68333333,en,1.00000000,,0,,,,,,
the Ikomayama derby,the Ikomayama derby,LOC,0.40000000,0.40833333,en,1.00000000,,0,,,,,,
Kamchatka,Kamchatka,GPE,-0.05000000,0.05000000,en,1.00000000,,2125072,A,55.00000000,159.00000000,ASIA,Russia,RFE
Bali,Bali,GPE,0.04666667,0.32666667,en,1.00000000,4004327-7,1650534,T,-8.33333000,115.00000000,ASIA,Indonesia,SEA
Taiki-cho,Taiki-cho,LOC,0.35000000,0.55000000,en,1.00000000,,2127931,P,42.50166000,143.27193000,ASIA,Japan,EAS
Satsumasendai City,Satsumasendai City,GPE,0.00000000,0.00000000,en,1.00000000,,0,,,,,,
the Yayoi Sho,the Yayoi Sho,LOC,-0.25000000,0.25000000,en,1.00000000,,0,,,,,,
Tohoku Sea,Tohoku Sea,LOC,0.17000000,0.46333333,en,1.00000000,,0,,,,,,
Aogashima,Aogashima,LOC,0.00000000,0.00000000,en,1.00000000,,1865268,A,32.45735000,139.76646000,PACIFIC,Japan,NPO
Minamisanriku Town,Minamisanriku Town,GPE,0.00000000,0.09583333,en,1.00000000,,0,,,,,,
the Black Sea,the Black Sea,LOC,-0.08333333,0.21666667,en,1.00000000,,5762871,S,44.47971000,-103.78076000,NORTH-AMERICA,United States,CNA
Caucasus,Caucasus,LOC,-0.08333333,0.21666667,en,1.00000000,,0,,,,,,
Wakasa Bay,Wakasa Bay,LOC,0.14545455,0.46666667,en,1.00000000,,1848946,H,35.75000000,135.66667000,ASIA,Japan,EAS
Costa Nova,Costa Nova,GPE,0.35000000,0.55000000,en,1.00000000,,2740434,P,40.61391000,-8.75069000,EUROPE-AFRICA,Portugal,MED
Hikorohi,Hikorohi,GPE,0.50000000,0.87500000,en,1.00000000,,0,,,,,,
the Mineoka mountain,the Mineoka mountain,LOC,0.00000000,0.10000000,en,1.00000000,,0,,,,,,
Rokko Island,Rokko Island,LOC,0.00000000,0.00000000,en,1.00000000,,10074736,T,61.49195000,25.01174000,EUROPE,Finland,NEU
oden,oden,GPE,0.00000000,0.00000000,en,1.00000000,,0,,,,,,
"Imari City, Saga Prefecture","Imari City, Saga Prefecture",GPE,0.01666667,0.16666667,en,1.00000000,,0,,,,,,
Mukaigawara,Mukaigawara,GPE,0.25000000,0.25000000,en,1.00000000,,7552223,S,35.57218000,139.66729000,ASIA,Japan,EAS
Aomori Higashikami Town,Aomori Higashikami Town,GPE,0.00000000,0.00000000,en,1.00000000,,0,,,,,,
Naramachi,Naramachi,GPE,0.00000000,0.00000000,en,1.00000000,,0,,,,,,
Picardy-kun,Picardy-kun,GPE,0.10000000,0.35000000,en,1.00000000,,4365349,P,39.53898000,-78.51335000,NORTH-AMERICA,United States,ENA
Picardy,Picardy,GPE,-0.03333333,0.86666667,en,1.00000000,,8599479,P,-22.62636000,148.45952000,OCEANIA,Australia,EAU
Chofu,Chofu,GPE,0.10000000,0.40000000,en,1.00000000,,1864518,P,35.65924000,139.54837000,ASIA,Japan,EAS
Ichigaya,Ichigaya,GPE,0.00000000,0.00000000,en,1.00000000,,1861978,P,35.69437000,139.72857000,ASIA,Japan,EAS
Fuji Tecom,Fuji Tecom,GPE,0.00000000,0.00000000,en,1.00000000,,0,,,,,,
Tecom,Tecom,GPE,-0.10000000,0.20000000,en,1.00000000,,10127264,S,25.09931000,55.17325000,ASIA,United Arab Emirates,ARP
Toyama Bay,Toyama Bay,LOC,0.00000000,0.00000000,en,1.00000000,,6300369,S,36.64833000,137.18750000,ASIA,Japan,EAS
Himi City,Himi City,GPE,0.16000000,0.54000000,en,1.00000000,,0,,,,,,
Himi,Himi,GPE,0.83333333,0.83333333,en,1.00000000,,6270456,L,33.68667000,35.64444000,EUROPE-AFRICA,Lebanon,MED
Pacific Palisades,Pacific Palisades,LOC,-0.20000000,0.50000000,en,1.00000000,,5806061,P,47.41902000,-119.91450000,NORTH-AMERICA,United States,WNA
the Caspian Sea,the Caspian Sea,LOC,-0.08333333,0.21666667,en,1.00000000,,0,,,,,,
Yerevan,Yerevan,GPE,-0.08333333,0.25000000,en,1.00000000,4098059-5,616052,P,40.17765000,44.51260000,ASIA,Armenia,WCA
Orcan,Orcan,GPE,0.00000000,0.40000000,en,1.00000000,,4795929,H,18.34329000,-64.69652000,CENTRAL-AMERICA,U.S. Virgin Islands,CAR
Kawatana,Kawatana,GPE,-0.01000000,0.15333333,en,1.00000000,,1859619,P,33.06667000,129.86667000,ASIA,Japan,EAS
Pantan,Pantan,GPE,0.00000000,0.00000000,en,1.00000000,,10321415,A,27.90109000,85.79494000,ASIA,Nepal,TIB
the City of Buffalo,the City of Buffalo,GPE,-0.03125000,0.37500000,en,1.00000000,4080569-4,5110629,P,42.88645000,-78.87837000,NORTH-AMERICA,United States,ENA
Hamburg,Hamburg,GPE,-0.01272727,0.51090909,en,1.00000000,4239189-1,2911298,P,53.55073000,9.99302000,EUROPE,Germany,NEU
Ueda City,Ueda City,GPE,0.08333333,0.54444444,en,1.00000000,,0,,,,,,
New England,New England,LOC,0.06818182,0.22727273,en,1.00000000,4075306-2,11919979,L,44.00000000,-71.00000000,NORTH-AMERICA,United States,ENA
Miyazaki Prefecture Kushima City,Miyazaki Prefecture Kushima City,GPE,0.00000000,0.00000000,en,1.00000000,,0,,,,,,
the Antarctic sea,the Antarctic sea,LOC,0.00000000,0.00000000,en,1.00000000,,0,,,,,,
Sasebo,Sasebo,GPE,0.00000000,0.00000000,en,1.00000000,4309919-1,1852899,P,33.16834000,129.72502000,ASIA,Japan,EAS
Shokz Japan,Shokz Japan,GPE,0.00000000,0.00000000,en,1.00000000,,0,,,,,,
Sakanaction,Sakanaction,GPE,0.00000000,0.00000000,en,1.00000000,,0,,,,,,
the Chita Peninsula,the Chita Peninsula,LOC,0.00000000,0.00000000,en,1.00000000,,0,,,,,,
Chita Peninsula,Chita Peninsula,LOC,0.19166667,0.61666667,en,1.00000000,,1864541,T,34.83333000,136.88333000,ASIA,Japan,EAS
Atami City,Atami City,GPE,-0.08333333,0.28333333,en,1.00000000,,10102250,S,25.13670000,121.50927000,ASIA,Taiwan,EAS
Sosa City,Sosa City,GPE,0.00000000,1.00000000,en,1.00000000,,8691750,A,37.48301000,126.79433000,ASIA,South Korea,EAS
Futtsu City,Futtsu City,GPE,0.16607143,0.40952381,en,1.00000000,,0,,,,,,
Koto Ward,Koto Ward,GPE,0.00000000,0.00000000,en,1.00000000,,0,,,,,,
Yoyogi Park,Yoyogi Park,LOC,0.12500000,0.20416667,en,1.00000000,,10866690,L,35.67164000,139.69696000,ASIA,Japan,EAS
Ome City,Ome City,GPE,0.60000000,0.95000000,en,1.00000000,,1633597,P,0.69922000,127.37542000,ASIA,Indonesia,SEA
Koyanagicho,Koyanagicho,GPE,0.00000000,0.00000000,en,1.00000000,,8572803,P,35.66038000,139.50375000,ASIA,Japan,EAS
Antenor,Antenor,GPE,0.00000000,0.00000000,en,1.00000000,,3479669,P,-25.81306000,-49.64611000,SOUTH-AMERICA,Brazil,SES
Musashikoyama,Musashikoyama,GPE,0.00000000,0.00000000,en,1.00000000,,7552497,S,35.62051000,139.70447000,ASIA,Japan,EAS
Minamisanriku,Minamisanriku,GPE,0.30000000,0.40000000,en,1.00000000,1119105943,2110999,P,38.67807000,141.44314000,ASIA,Japan,EAS
Yokkaichi,Yokkaichi,GPE,-0.23772727,0.48590909,en,1.00000000,4760636-8,1848373,P,34.96667000,136.61667000,ASIA,Japan,EAS
Kii Oshima Island,Kii Oshima Island,GPE,0.16000000,0.54000000,en,1.00000000,,1853780,T,33.46693000,135.82897000,ASIA,Japan,EAS
nubia,nubia,GPE,-0.40000000,0.85000000,en,1.00000000,,350981,L,18.98374000,32.19115000,AFRICA,Sudan,SAH
Pool D,Pool D,GPE,0.20000000,0.21666667,en,1.00000000,,6241245,H,-38.35823000,176.36021000,OCEANIA,New Zealand,NZ
Yokumoku,Yokumoku,GPE,0.37878788,0.78484848,en,1.00000000,,0,,,,,,
Grand Castella,Grand Castella,GPE,0.37878788,0.78484848,en,1.00000000,,6506502,S,38.99700000,-1.85450000,EUROPE-AFRICA,Spain,MED
Kidzania,Kidzania,GPE,0.00000000,0.00000000,en,1.00000000,,11836850,L,38.77903000,-9.21882000,EUROPE-AFRICA,Portugal,MED
R6 Tama River Daimaru,R6 Tama River Daimaru,LOC,0.01250000,0.19083333,en,1.00000000,,0,,,,,,
the Daimaru Weir,the Daimaru Weir,LOC,0.10000000,0.40000000,en,1.00000000,,0,,,,,,
Minoh,Minoh,GPE,0.22000000,0.41333333,en,1.00000000,,1857046,P,34.82691000,135.47057000,ASIA,Japan,EAS
Disney,Disney,GPE,0.46666667,0.66666667,en,1.00000000,,6949562,L,28.37220000,-81.54940000,NORTH-AMERICA,United States,ENA
Nagoya PARCO West Building,Nagoya PARCO West Building,GPE,0.00000000,0.16666667,en,1.00000000,,0,,,,,,
Uvance,Uvance,GPE,-0.25000000,0.25000000,en,1.00000000,,0,,,,,,
Kuma Village,Kuma Village,GPE,0.00000000,0.00000000,en,1.00000000,,2110193,P,3.17315000,172.95972000,PACIFIC,Kiribati,EPO
Taizentenki.jp,Taizentenki.jp,GPE,0.25000000,0.50000000,en,1.00000000,,0,,,,,,
bondro,bondro,GPE,0.00000000,0.00000000,en,1.00000000,,1065667,H,-19.16667000,44.73333000,AFRICA,Madagascar,MDG
Futaba County,Futaba County,GPE,-0.33181818,0.72727273,en,1.00000000,,0,,,,,,
Hinode-cho,Hinode-cho,LOC,0.00000000,0.00000000,en,1.00000000,,11709853,P,43.73822000,143.78752000,ASIA,Japan,EAS
Daiichi-tei,Daiichi-tei,LOC,0.40000000,0.50000000,en,1.00000000,,0,,,,,,
Egg San,Egg San,GPE,0.40000000,0.75000000,en,1.00000000,,7669542,P,47.39313000,9.22760000,EUROPE,Switzerland,WCE
Kajima,Kajima,GPE,-0.28437500,0.51250000,en,1.00000000,,333664,L,8.85000000,38.63333000,AFRICA,Ethiopia,NEAF
Shibuya Gyoza,Shibuya Gyoza,GPE,0.09943182,0.47727273,en,1.00000000,,0,,,,,,
Kyotango,Kyotango,GPE,0.50000000,0.65000000,en,1.00000000,,7412200,A,35.63089000,135.04785000,ASIA,Japan,EAS
Sando,Sando,GPE,0.80000000,0.75000000,en,1.00000000,,2614219,A,61.83333000,-6.75000000,EUROPE,Faroe Islands,NEU
Alpen Outdoors,Alpen Outdoors,LOC,0.25000000,0.47777778,en,1.00000000,,0,,,,,,
Shenzhen,Shenzhen,GPE,-0.40000000,0.85000000,en,1.00000000,4107686-2,1795565,P,22.54554000,114.06830000,ASIA,China,EAS
Kawajiri Town,Kawajiri Town,GPE,0.13636364,0.45454545,en,1.00000000,,0,,,,,,
Hashinaka,Hashinaka,GPE,0.20476190,0.69285714,en,1.00000000,,0,,,,,,
mentsuyu,mentsuyu,GPE,0.50000000,0.75000000,en,1.00000000,,0,,,,,,
the South Pacific,the South Pacific,LOC,0.07142857,0.30952381,en,1.00000000,,11887752,L,33.45876000,-90.15081000,NORTH-AMERICA,United States,CNA
Shimasu,Shimasu,GPE,0.00000000,0.00000000,en,1.00000000,,0,,,,,,
Kaku,Kaku,GPE,0.00000000,0.00000000,en,1.00000000,,1850230,T,33.90000000,134.70000000,ASIA,Japan,EAS
Musashikosugi,Musashikosugi,GPE,0.50000000,1.00000000,en,1.00000000,,7552219,S,35.57594000,139.65973000,ASIA,Japan,EAS
Cagi de Reve,Cagi de Reve,GPE,0.21212121,0.61818182,en,1.00000000,,0,,,,,,
Botanical Garden's,Botanical Garden's,LOC,0.00000000,0.00000000,en,1.00000000,,7802716,L,15.17244000,145.74922000,PACIFIC,Northern Mariana Islands,NPO
Uma Musume,Uma Musume,LOC,0.26666667,0.90000000,en,1.00000000,,0,,,,,,
Oe Town,Oe Town,GPE,0.50000000,0.50000000,en,1.00000000,,0,,,,,,
Arizona,Arizona,GPE,0.00000000,0.00000000,en,1.00000000,4002920-7,5551752,A,34.50030000,-111.50098000,NORTH-AMERICA,United States,WNA
Montana,Montana,GPE,-0.13125000,0.75000000,en,1.00000000,4262460-5,729114,P,43.41250000,23.22500000,EUROPE-AFRICA,Bulgaria,MED
Asago City,Asago City,GPE,-0.09375000,0.68125000,en,1.00000000,,0,,,,,,
Wakayama City,Wakayama City,GPE,0.06666667,0.26666667,en,1.00000000,,0,,,,,,
Yamakataya,Yamakataya,GPE,0.00000000,0.50000000,en,1.00000000,,0,,,,,,
Shimogyo Ward,Shimogyo Ward,GPE,0.00000000,0.50000000,en,1.00000000,,0,,,,,,
Yamagataya,Yamagataya,GPE,-0.02500000,0.12500000,en,1.00000000,,10230811,S,35.81077000,137.23881000,ASIA,Japan,EAS
Shiga,Shiga,GPE,0.25000000,1.00000000,en,1.00000000,5037470-9,1853574,P,35.00000000,135.86667000,ASIA,Japan,EAS
Gemini,Gemini,GPE,0.50000000,0.90000000,en,1.00000000,,6633734,T,-84.70000000,-176.63333000,POLAR,Antarctica,EAN
the JR Line,the JR Line,LOC,0.00000000,0.75000000,en,1.00000000,,0,,,,,,
X1qAo+0w,X1qAo+0w,GPE,-0.10000000,0.20000000,en,1.00000000,,0,,,,,,
Sakurai City,Sakurai City,GPE,0.20476190,0.69285714,en,1.00000000,,0,,,,,,
Yuzuya,Yuzuya,GPE,0.00000000,0.37500000,en,1.00000000,,0,,,,,,
Namegawa Town,Namegawa Town,LOC,0.13636364,0.45454545,en,1.00000000,,0,,,,,,
weather.・Cherry blossoms,weather.・Cherry blossoms,LOC,-0.05000000,0.47500000,en,1.00000000,,0,,,,,,
Kirigamine,Kirigamine,GPE,0.00000000,0.00000000,en,1.00000000,,1859418,T,36.10000000,138.16667000,ASIA,Japan,EAS
Innan,Innan,GPE,0.00000000,0.00000000,en,1.00000000,,2619389,P,62.13333000,-6.75000000,EUROPE,Faroe Islands,NEU
Shinagawa,Shinagawa,GPE,0.12878788,0.42929293,en,1.00000000,,1852139,P,33.63627000,133.00572000,ASIA,Japan,EAS
Gotenyama,Gotenyama,GPE,0.12878788,0.42929293,en,1.00000000,,7560682,S,34.82917000,135.65400000,ASIA,Japan,EAS
Kawauchi Village,Kawauchi Village,GPE,0.00000000,0.00000000,en,1.00000000,,0,,,,,,
Naraha Town,Naraha Town,GPE,0.00000000,0.00000000,en,1.00000000,,0,,,,,,
Hirono Town,Hirono Town,GPE,0.00000000,0.00000000,en,1.00000000,,0,,,,,,
Ono Town,Ono Town,GPE,0.00000000,0.00000000,en,1.00000000,,5265745,P,44.65552000,-92.25629000,NORTH-AMERICA,United States,CNA
Furudon Town,Furudon Town,GPE,0.00000000,0.00000000,en,1.00000000,,0,,,,,,
Asakawa Town,Asakawa Town,GPE,0.00000000,0.00000000,en,1.00000000,,1864859,P,35.51055000,138.77692000,ASIA,Japan,EAS
Hirata Village,Hirata Village,GPE,0.00000000,0.00000000,en,1.00000000,,0,,,,,,
Tamagawa Village,Tamagawa Village,GPE,0.00000000,0.00000000,en,1.00000000,,0,,,,,,
Ishikawa Town,Ishikawa Town,GPE,0.00000000,0.00000000,en,1.00000000,,0,,,,,,
Izumizaki Village,Izumizaki Village,GPE,0.00000000,0.00000000,en,1.00000000,,0,,,,,,
Tenei Village,Tenei Village,GPE,0.00000000,0.00000000,en,1.00000000,,0,,,,,,
Nihonmatsu City,Nihonmatsu City,GPE,0.00000000,0.00000000,en,1.00000000,,0,,,,,,
Dominica,Dominica,GPE,0.00000000,0.43750000,en,1.00000000,4085456-5,3575830,A,15.50000000,-61.33333000,CENTRAL-AMERICA,Dominica,CAR
NY,NY,GPE,-0.70000000,1.00000000,en,1.00000000,,3042198,P,54.22209000,-4.69099000,EUROPE,Isle of Man,NEU
Oku-Nikko,Oku-Nikko,GPE,0.00000000,0.00000000,en,1.00000000,,0,,,,,,
the south coast,the south coast,LOC,-0.08333333,0.86666667,en,1.00000000,,12212749,L,30.33140000,-89.73221000,NORTH-AMERICA,United States,ENA
Seiryo,Seiryo,GPE,0.28571429,0.53571429,en,1.00000000,,1845578,A,35.49604000,129.26905000,ASIA,South Korea,EAS
the Great East Japan Earthquake Otsuchi Town,the Great East Japan Earthquake Otsuchi Town,LOC,0.53333333,0.83333333,en,1.00000000,,0,,,,,,
Inami Town,Inami Town,GPE,0.00000000,0.00000000,en,1.00000000,,0,,,,,,
the Great East Japan Earthquake: Seismic activity,the Great East Japan Earthquake: Seismic activity,LOC,0.35555556,0.75000000,en,1.00000000,,0,,,,,,
West Japan's,West Japan's,GPE,0.17500000,0.27500000,en,1.00000000,,1856600,H,26.21667000,127.65000000,ASIA,Japan,EAS
the Great East Japan Earthquake'',the Great East Japan Earthquake'',LOC,0.32500000,0.43750000,en,1.00000000,,0,,,,,,
San,San,LOC,-0.14250000,0.40500000,en,1.00000000,4116320-5,3621849,P,9.93388000,-84.08489000,CENTRAL-AMERICA,Costa Rica,SCA
Izu Islands,Izu Islands,LOC,-0.12583333,0.41000000,en,1.00000000,,1861073,T,34.33333000,139.66667000,ASIA,Japan,EAS
Indiana,Indiana,GPE,0.00000000,0.00000000,en,1.00000000,4109219-3,12213487,L,39.74743000,-86.20614000,NORTH-AMERICA,United States,ENA
Lake Village,Lake Village,GPE,0.00000000,0.00000000,en,1.00000000,,4922548,P,41.13753000,-87.44864000,NORTH-AMERICA,United States,ENA
Mid-Atlantic,Mid-Atlantic,LOC,0.20000000,0.45000000,en,1.00000000,,12110846,L,40.58629000,-76.28807000,NORTH-AMERICA,United States,ENA
the Gulf Coast,the Gulf Coast,LOC,0.20000000,0.45000000,en,1.00000000,,12212749,L,30.33140000,-89.73221000,NORTH-AMERICA,United States,ENA
Osawacho,Osawacho,GPE,-0.10000000,0.10000000,en,1.00000000,,9628967,P,34.37068000,135.66492000,ASIA,Japan,EAS
AR,AR,GPE,0.10000000,0.15000000,en,1.00000000,,289888,P,25.29194000,51.42444000,ASIA,Qatar,ARP
Ariake,Ariake,GPE,0.00000000,1.00000000,en,1.00000000,,1865131,A,32.48333000,130.31667000,ASIA,Japan,EAS
Yoshiki,Yoshiki,GPE,0.00000000,0.00000000,en,1.00000000,,1848185,A,36.33333000,137.25000000,ASIA,Japan,EAS
Clostridium (Tokyo,Clostridium (Tokyo,GPE,-0.18333333,0.47777778,en,1.00000000,,0,,,,,,
M9.0,M9.0,GPE,0.80000000,0.75000000,en,1.00000000,,0,,,,,,
Indian Ocean,Indian Ocean,LOC,0.43333333,0.41666667,en,1.00000000,,0,,,,,,
Aceh province,Aceh province,GPE,0.43333333,0.41666667,en,1.00000000,,1215502,P,5.54167000,95.33333000,ASIA,Indonesia,SEA
Nanashi-san,Nanashi-san,GPE,0.00000000,0.00000000,en,1.00000000,,0,,,,,,
Shiga Lakes,Shiga Lakes,GPE,-0.10000000,0.45000000,en,1.00000000,,0,,,,,,
Daikin Park,Daikin Park,GPE,0.13888889,0.30000000,en,1.00000000,,0,,,,,,
Maruyama-cho,Maruyama-cho,GPE,0.41666667,0.71666667,en,1.00000000,,11525997,L,42.28926000,143.30687000,ASIA,Japan,EAS
Horai Island,Horai Island,LOC,0.00000000,0.00000000,en,1.00000000,,2113510,T,26.61632000,142.17522000,PACIFIC,Japan,NPO
Akahama,Akahama,GPE,0.00000000,0.00000000,en,1.00000000,,9192090,P,36.11080000,139.25520000,ASIA,Japan,EAS
Shodoshima,Shodoshima,GPE,-0.20000000,0.40000000,en,1.00000000,,1851704,T,34.50784000,134.26632000,ASIA,Japan,EAS
T.T.star,T.T.star,GPE,0.93750000,1.00000000,en,1.00000000,,489271,P,53.62362000,34.15183000,EUROPE,Russia,WCE
